stock_code,industry
688339,燃料电池
688691,集成电路制造
688820,集成电路制造
688249,集成电路制造
688347,集成电路制造
688981,集成电路制造
688469,集成电路制造
300456,集成电路制造
688396,集成电路制造
600158,体育Ⅲ
002858,体育Ⅲ
000681,图片媒体
002192,锂
002240,锂
603399,锂
002466,锂
002756,锂
002460,锂
000762,锂
002738,锂
688699,模拟芯片设计
688141,模拟芯片设计
688515,模拟芯片设计
688536,模拟芯片设计
688220,模拟芯片设计
603375,模拟芯片设计
688173,模拟芯片设计
688508,模拟芯片设计
688270,模拟芯片设计
688130,模拟芯片设计
688512,模拟芯片设计
688368,模拟芯片设计
688209,模拟芯片设计
688052,模拟芯片设计
300661,模拟芯片设计
688601,模拟芯片设计
688653,模拟芯片设计
603068,模拟芯片设计
688045,模拟芯片设计
688153,模拟芯片设计
688790,模拟芯片设计
688391,模拟芯片设计
688325,模拟芯片设计
600877,模拟芯片设计
688798,模拟芯片设计
600171,模拟芯片设计
300671,模拟芯片设计
688061,模拟芯片设计
688484,模拟芯片设计
688458,模拟芯片设计
603160,模拟芯片设计
688582,模拟芯片设计
300782,模拟芯片设计
688381,模拟芯片设计
688286,模拟芯片设计
301219,能源金属
300618,能源金属
603799,能源金属
688037,半导体设备
688147,半导体设备
301369,半导体设备
002371,半导体设备
688072,半导体设备
688409,半导体设备
688361,半导体设备
688012,半导体设备
003043,半导体设备
688729,半导体设备
688200,半导体设备
688652,半导体设备
688082,半导体设备
688605,半导体设备
688419,半导体设备
688120,半导体设备
603061,半导体设备
688478,半导体设备
300604,半导体设备
301629,半导体设备
603690,半导体设备
301297,半导体设备
688256,半导体
688521,半导体
688449,半导体
300672,半导体
688123,半导体
920181,半导体
688693,半导体
688530,半导体
688107,半导体
300053,半导体
688047,半导体
688110,半导体
688172,半导体
688216,半导体
688041,半导体
688802,半导体
688593,半导体
688783,半导体
688432,半导体
688146,半导体
003026,半导体
688362,半导体
605358,半导体
688403,半导体
002156,半导体
688620,半导体
688380,半导体
688230,半导体
300077,半导体
300706,半导体
688099,半导体
688809,半导体
688262,半导体
688728,半导体
300458,半导体
600460,半导体
688795,半导体
920139,半导体
300831,半导体
688498,半导体
688720,半导体
600360,半导体
002077,半导体
688372,半导体
688727,半导体
688591,半导体
600584,半导体
002185,半导体
301348,半导体
300046,半导体
301678,半导体
688049,半导体
688126,半导体
300666,半导体
688167,半导体
688589,半导体
605111,半导体
688535,半导体
688401,半导体
688018,半导体
688261,半导体
600641,半导体
600206,半导体
688008,半导体
002049,半导体
688233,半导体
688259,半导体
688135,半导体
688584,半导体
920179,半导体
603005,半导体
300623,半导体
300327,半导体
688416,半导体
688252,半导体
688352,半导体
603986,半导体
688766,半导体
002119,半导体
002409,半导体
688138,半导体
002213,半导体
301536,半导体
688279,半导体
688721,半导体
688689,半导体
688332,半导体
001309,半导体
603893,半导体
688048,半导体
301611,半导体
688486,半导体
300613,半导体
300223,半导体
688213,半导体
688525,半导体
688595,半导体
688702,半导体
688661,半导体
688608,半导体
688807,半导体
688385,半导体
300373,半导体
688711,半导体
301308,半导体
603501,半导体
688234,半导体
603290,半导体
688709,半导体
600745,半导体
920199,个护小家电
688793,个护小家电
003023,个护小家电
603868,个护小家电
002202,风电整机
601615,风电整机
688660,风电整机
300772,风电整机
688349,风电整机
688811,其他金属新材料
605376,其他金属新材料
603045,其他金属新材料
920078,其他金属新材料
688102,其他金属新材料
688231,其他金属新材料
920576,其他金属新材料
688456,其他金属新材料
920751,其他金属新材料
605158,其他金属新材料
301522,其他金属新材料
300963,其他金属新材料
300855,其他金属新材料
000969,其他金属新材料
600255,其他金属新材料
000633,其他金属新材料
603124,其他金属新材料
688190,其他金属新材料
603978,其他金属新材料
300930,其他金属新材料
601137,其他金属新材料
002842,钨
002378,钨
000657,钨
600549,钨
688090,机器人
688165,机器人
688218,机器人
600215,机器人
002747,机器人
688017,机器人
603416,机器人
920593,机器人
688290,机器人
300024,机器人
300607,机器人
920578,机器人
688255,机器人
301199,机器人
300276,机器人
002979,机器人
301112,机器人
920579,机器人
002698,机器人
603666,机器人
600540,其他种植业
600359,其他种植业
601118,其他种植业
600108,其他种植业
603336,其他种植业
600118,航天装备Ⅲ
688523,航天装备Ⅲ
600879,航天装备Ⅲ
002829,航天装备Ⅲ
601698,航天装备Ⅲ
003009,航天装备Ⅲ
688818,航天装备Ⅲ
300722,航天装备Ⅲ
688282,航天装备Ⅲ
300651,娱乐用品
605299,娱乐用品
002348,娱乐用品
002678,娱乐用品
001300,娱乐用品
002899,娱乐用品
301287,娱乐用品
300329,娱乐用品
300220,娱乐用品
002292,娱乐用品
605080,娱乐用品
002862,娱乐用品
301011,娱乐用品
301335,娱乐用品
001222,娱乐用品
001238,娱乐用品
001368,娱乐用品
002575,娱乐用品
300751,光伏加工设备
688516,光伏加工设备
688726,光伏加工设备
920368,光伏加工设备
300724,光伏加工设备
300316,光伏加工设备
920414,光伏加工设备
688556,光伏加工设备
603396,光伏加工设备
000821,光伏加工设备
300776,光伏加工设备
301599,自动化设备
920125,自动化设备
300083,自动化设备
920425,自动化设备
920156,自动化设备
688025,自动化设备
688518,自动化设备
920035,自动化设备
688310,自动化设备
688160,自动化设备
688395,自动化设备
002184,自动化设备
688646,自动化设备
688698,自动化设备
605288,自动化设备
688329,自动化设备
688003,自动化设备
688170,自动化设备
301312,自动化设备
301512,自动化设备
688686,自动化设备
001266,自动化设备
688777,自动化设备
300278,自动化设备
688623,自动化设备
301568,自动化设备
301510,自动化设备
300124,自动化设备
920396,自动化设备
301633,自动化设备
301320,自动化设备
001223,自动化设备
688320,自动化设备
301418,自动化设备
688455,自动化设备
603015,自动化设备
688097,自动化设备
688215,自动化设备
688570,自动化设备
300048,自动化设备
300802,自动化设备
300747,自动化设备
000988,自动化设备
002334,自动化设备
002975,自动化设备
603025,自动化设备
920119,自动化设备
300486,自动化设备
603203,自动化设备
920405,自动化设备
603283,自动化设备
605186,自动化设备
603082,自动化设备
688306,自动化设备
920885,自动化设备
300484,自动化设备
300227,自动化设备
688125,自动化设备
300461,自动化设备
301029,自动化设备
002957,自动化设备
300757,自动化设备
301021,自动化设备
603583,自动化设备
603960,自动化设备
300400,自动化设备
300097,自动化设备
002008,自动化设备
688559,自动化设备
688816,自动化设备
603275,自动化设备
920178,自动化设备
920096,自动化设备
603057,熟食
002695,熟食
603517,熟食
605389,工程机械器件
301446,工程机械器件
301079,工程机械器件
603638,工程机械器件
920020,工程机械器件
301161,工程机械器件
001226,工程机械器件
920942,工程机械器件
920245,工程机械器件
920839,工程机械器件
601100,工程机械器件
001239,工程机械器件
301279,工程机械器件
300762,军工电子Ⅲ
301306,军工电子Ⅲ
301517,军工电子Ⅲ
002025,军工电子Ⅲ
688629,军工电子Ⅲ
300474,军工电子Ⅲ
002465,军工电子Ⅲ
001270,军工电子Ⅲ
002977,军工电子Ⅲ
688682,军工电子Ⅲ
300123,军工电子Ⅲ
688132,军工电子Ⅲ
300045,军工电子Ⅲ
688053,军工电子Ⅲ
688776,军工电子Ⅲ
002414,军工电子Ⅲ
002413,军工电子Ⅲ
688175,军工电子Ⅲ
002189,军工电子Ⅲ
688272,军工电子Ⅲ
301213,军工电子Ⅲ
920008,军工电子Ⅲ
688081,军工电子Ⅲ
002151,军工电子Ⅲ
688311,军工电子Ⅲ
300177,军工电子Ⅲ
603267,军工电子Ⅲ
603712,军工电子Ⅲ
301682,军工电子Ⅲ
000547,军工电子Ⅲ
688636,军工电子Ⅲ
301592,军工电子Ⅲ
002446,军工电子Ⅲ
300447,军工电子Ⅲ
688522,军工电子Ⅲ
600855,军工电子Ⅲ
600990,军工电子Ⅲ
002383,军工电子Ⅲ
301050,军工电子Ⅲ
300629,军工电子Ⅲ
688788,军工电子Ⅲ
688552,军工电子Ⅲ
002935,军工电子Ⅲ
002179,军工电子Ⅲ
688084,军工电子Ⅲ
688002,军工电子Ⅲ
301302,军工电子Ⅲ
300397,军工电子Ⅲ
603678,军工电子Ⅲ
300726,军工电子Ⅲ
600562,军工电子Ⅲ
002338,军工电子Ⅲ
302132,军工电子Ⅲ
300101,军工电子Ⅲ
688375,军工电子Ⅲ
301571,军工电子Ⅲ
600590,军工电子Ⅲ
688439,军工电子Ⅲ
300252,军工电子Ⅲ
000733,军工电子Ⅲ
002214,军工电子Ⅲ
688011,军工电子Ⅲ
688511,军工电子Ⅲ
600322,住宅开发
600246,住宅开发
600208,住宅开发
601588,住宅开发
000042,住宅开发
600606,住宅开发
000863,住宅开发
002208,住宅开发
600683,住宅开发
600266,住宅开发
000609,住宅开发
600162,住宅开发
000838,住宅开发
000797,住宅开发
600533,住宅开发
200011,住宅开发
000926,住宅开发
000036,住宅开发
600376,住宅开发
600692,住宅开发
000965,住宅开发
600159,住宅开发
600622,住宅开发
002133,住宅开发
002314,住宅开发
000006,住宅开发
600503,住宅开发
600638,住宅开发
000718,住宅开发
002016,住宅开发
600665,住宅开发
600708,住宅开发
002244,住宅开发
000668,住宅开发
002146,住宅开发
000029,住宅开发
000573,住宅开发
000897,住宅开发
600716,住宅开发
600854,住宅开发
600657,住宅开发
200029,住宅开发
000514,住宅开发
600383,住宅开发
000002,住宅开发
000517,住宅开发
600791,住宅开发
600675,住宅开发
600510,住宅开发
000090,住宅开发
000736,住宅开发
600649,住宅开发
600048,住宅开发
000656,住宅开发
000014,住宅开发
000011,住宅开发
000620,住宅开发
600094,住宅开发
900940,住宅开发
600064,住宅开发
600173,住宅开发
600736,住宅开发
600748,住宅开发
600773,住宅开发
600325,住宅开发
000909,住宅开发
002763,非运动服装
600400,非运动服装
002269,非运动服装
002634,非运动服装
603808,非运动服装
300840,非运动服装
002494,非运动服装
002762,非运动服装
603839,非运动服装
002832,非运动服装
002875,非运动服装
605138,非运动服装
600398,非运动服装
603518,非运动服装
600177,非运动服装
002404,非运动服装
002569,非运动服装
002485,非运动服装
603587,非运动服装
002154,非运动服装
301276,非运动服装
300901,非运动服装
001209,非运动服装
002687,非运动服装
301088,非运动服装
600630,非运动服装
003016,非运动服装
603511,非运动服装
601566,非运动服装
002563,非运动服装
002656,非运动服装
603877,非运动服装
603196,非运动服装
002029,非运动服装
002612,非运动服装
600137,非运动服装
601718,非运动服装
600107,非运动服装
002193,非运动服装
002081,装修装饰Ⅱ
002989,装修装饰Ⅱ
603030,装修装饰Ⅱ
603828,装修装饰Ⅱ
002856,装修装饰Ⅱ
002713,装修装饰Ⅱ
002789,装修装饰Ⅱ
601886,装修装饰Ⅱ
002163,装修装饰Ⅱ
002811,装修装饰Ⅱ
600234,装修装饰Ⅱ
300621,装修装饰Ⅱ
002830,装修装饰Ⅱ
002482,装修装饰Ⅱ
002375,装修装饰Ⅱ
603137,装修装饰Ⅱ
605287,装修装饰Ⅱ
002822,装修装饰Ⅱ
002963,装修装饰Ⅱ
002047,装修装饰Ⅱ
300506,装修装饰Ⅱ
002620,装修装饰Ⅱ
600193,装修装饰Ⅱ
300835,金属新材料
300811,金属新材料
301323,金属新材料
603072,金属新材料
300127,金属新材料
000795,金属新材料
300224,金属新材料
688077,金属新材料
000970,金属新材料
301622,金属新材料
301141,金属新材料
600366,金属新材料
300748,金属新材料
688786,金属新材料
605003,家纺
603365,家纺
002397,家纺
002293,家纺
920262,家纺
002327,家纺
003041,家纺
603711,软饮料
600300,软饮料
603156,软饮料
605337,软饮料
300997,软饮料
000848,软饮料
600189,软饮料
605499,软饮料
605099,其他家居用品
301193,其他家居用品
603195,其他家居用品
603272,其他家居用品
001216,其他家居用品
001211,其他家居用品
001221,其他家居用品
300640,其他家居用品
002571,其他家居用品
301113,其他家居用品
301595,其他家居用品
603838,其他家居用品
605155,其他家居用品
002094,其他家居用品
300993,其他家居用品
603615,其他家居用品
601996,其他家居用品
001356,其他家居用品
002615,其他家居用品
301004,其他家居用品
300729,其他家居用品
301501,其他家居用品
301055,其他家居用品
603021,其他家居用品
001234,服装家纺
300591,服装家纺
300577,服装家纺
300952,服装家纺
603665,服装家纺
002780,服装家纺
603116,服装家纺
603307,服装家纺
603908,服装家纺
603608,服装家纺
603958,服装家纺
300005,服装家纺
002486,服装家纺
603001,服装家纺
603557,服装家纺
300703,文娱用品
002301,文娱用品
002103,文娱用品
301101,文娱用品
603899,文娱用品
688239,航空装备Ⅱ
605123,航空装备Ⅱ
002297,航空装备Ⅱ
688510,航空装备Ⅱ
002111,航空装备Ⅱ
300900,航空装备Ⅱ
688281,航空装备Ⅱ
002023,航空装备Ⅱ
688122,航空装备Ⅱ
688685,航空装备Ⅱ
300696,航空装备Ⅱ
300581,航空装备Ⅱ
920642,航空装备Ⅱ
688708,航空装备Ⅱ
600391,航空装备Ⅱ
000561,航空装备Ⅱ
000738,航空装备Ⅱ
600316,航空装备Ⅱ
600765,航空装备Ⅱ
300775,航空装备Ⅱ
600893,航空装备Ⅱ
301586,航空装备Ⅱ
688586,航空装备Ⅱ
002389,航空装备Ⅱ
688237,航空装备Ⅱ
300034,航空装备Ⅱ
688297,航空装备Ⅱ
002651,航空装备Ⅱ
688563,航空装备Ⅱ
300424,航空装备Ⅱ
300719,航空装备Ⅱ
603261,航空装备Ⅱ
002625,航空装备Ⅱ
300699,航空装备Ⅱ
920006,航空装备Ⅱ
600862,航空装备Ⅱ
002985,航空装备Ⅱ
600372,航空装备Ⅱ
688287,航空装备Ⅱ
000768,航空装备Ⅱ
600760,航空装备Ⅱ
300777,航空装备Ⅱ
301696,航空装备Ⅱ
600038,航空装备Ⅱ
688070,航空装备Ⅱ
300395,航空装备Ⅱ
002933,航空装备Ⅱ
300965,航空装备Ⅱ
000697,航空装备Ⅱ
603268,国防军工
002519,国防军工
300065,国防军工
000519,国防军工
300875,国防军工
300008,国防军工
600435,国防军工
600150,国防军工
300922,国防军工
300810,国防军工
301357,国防军工
300600,国防军工
601890,国防军工
601606,国防军工
300589,国防军工
600967,国防军工
300527,国防军工
688543,国防军工
600685,国防军工
600764,国防军工
600184,国防军工
000576,国防军工
300152,综合环境治理
000711,综合环境治理
688480,综合环境治理
688701,综合环境治理
301259,综合环境治理
300958,综合环境治理
000826,综合环境治理
300864,综合环境治理
300190,综合环境治理
002887,综合环境治理
600133,综合环境治理
603686,综合环境治理
000068,综合环境治理
605069,综合环境治理
300187,综合环境治理
603726,家电零部件Ⅲ
001268,家电零部件Ⅲ
920108,家电零部件Ⅲ
603657,家电零部件Ⅲ
002290,家电零部件Ⅲ
600619,家电零部件Ⅲ
301280,家电零部件Ⅲ
002050,家电零部件Ⅲ
900910,家电零部件Ⅲ
603519,家电零部件Ⅲ
301008,家电零部件Ⅲ
002402,家电零部件Ⅲ
003028,家电零部件Ⅲ
300543,家电零部件Ⅲ
920768,家电零部件Ⅲ
603578,家电零部件Ⅲ
300403,家电零部件Ⅲ
301135,家电零部件Ⅲ
301252,家电零部件Ⅲ
603677,家电零部件Ⅲ
300160,家电零部件Ⅲ
002676,家电零部件Ⅲ
002860,家电零部件Ⅲ
300342,家电零部件Ⅲ
000404,家电零部件Ⅲ
300279,家电零部件Ⅲ
300217,家电零部件Ⅲ
601956,家电零部件Ⅲ
603112,家电零部件Ⅲ
002420,家电零部件Ⅲ
603075,家电零部件Ⅲ
002011,家电零部件Ⅲ
603311,家电零部件Ⅲ
920699,家电零部件Ⅲ
002418,家电零部件Ⅲ
920718,家电零部件Ⅲ
002329,饮料乳品
300106,饮料乳品
600429,饮料乳品
600887,饮料乳品
605388,饮料乳品
002910,饮料乳品
002570,饮料乳品
600882,饮料乳品
300915,饮料乳品
002946,饮料乳品
300892,饮料乳品
001318,饮料乳品
920786,饮料乳品
605179,饮料乳品
605300,饮料乳品
600419,饮料乳品
002732,饮料乳品
300898,饮料乳品
600597,饮料乳品
600783,磨具磨料
300861,磨具磨料
002046,磨具磨料
920725,磨具磨料
300700,磨具磨料
300554,磨具磨料
688028,磨具磨料
600172,磨具磨料
002282,磨具磨料
300179,磨具磨料
002760,磨具磨料
920807,磨具磨料
300818,磨具磨料
300606,磨具磨料
301588,瓷砖地板
301356,瓷砖地板
603221,瓷砖地板
003011,瓷砖地板
603226,瓷砖地板
002798,瓷砖地板
603725,瓷砖地板
002162,瓷砖地板
001386,瓷砖地板
000910,瓷砖地板
003012,瓷砖地板
002918,瓷砖地板
300094,水产养殖
600467,水产养殖
002069,水产养殖
600257,水产养殖
002285,房产租赁经纪
000560,房产租赁经纪
600724,房产租赁经纪
900936,冶钢辅料
600516,冶钢辅料
600295,冶钢辅料
000629,冶钢辅料
002640,跨境电商
002803,跨境电商
301558,跨境电商
002315,跨境电商
300464,跨境电商
300592,跨境电商
301381,跨境电商
603687,纸包装
603058,纸包装
920075,纸包装
300883,纸包装
002565,纸包装
002836,纸包装
002191,纸包装
603499,纸包装
301355,纸包装
002799,纸包装
301223,纸包装
002228,纸包装
603429,纸包装
002303,纸包装
000812,纸包装
920392,纸包装
301296,纸包装
603091,纸包装
601515,纸包装
301062,纸包装
002831,纸包装
605122,水泥制品
603916,水泥制品
002596,水泥制品
002671,水泥制品
603616,水泥制品
002205,水泥制品
003037,水泥制品
002398,水泥制品
002302,水泥制品
002943,机床工具
688577,机床工具
300161,机床工具
688697,机床工具
002520,机床工具
300809,机床工具
688305,机床工具
002903,机床工具
601882,机床工具
000837,机床工具
002248,机床工具
003025,机床工具
920870,机床工具
000410,机床工具
002122,机床工具
688558,机床工具
002559,机床工具
603088,机床工具
301603,机床工具
200706,机床工具
000628,房屋建设Ⅱ
600939,房屋建设Ⅱ
600170,房屋建设Ⅱ
002761,房屋建设Ⅱ
601668,房屋建设Ⅱ
600248,房屋建设Ⅱ
601789,房屋建设Ⅱ
600491,房屋建设Ⅱ
000402,房地产开发
600895,房地产开发
600663,房地产开发
000031,房地产开发
000608,房地产开发
600658,房地产开发
900939,房地产开发
600463,房地产开发
601155,房地产开发
000069,房地产开发
600082,房地产开发
900932,房地产开发
900928,房地产开发
600604,房地产开发
002305,房地产开发
900902,房地产开发
600848,房地产开发
900911,房地产开发
001979,房地产开发
900912,房地产开发
600007,房地产开发
601512,房地产开发
600239,房地产开发
600648,房地产开发
600639,房地产开发
600340,房地产开发
001316,油品石化贸易
600256,油品石化贸易
000554,油品石化贸易
000159,油品石化贸易
000096,油品石化贸易
603223,油品石化贸易
603353,油品石化贸易
920121,印刷
002229,印刷
002117,印刷
001279,印刷
002599,印刷
300632,电子
688655,电子
688800,电子
300843,电子
688371,电子
688549,电子
603629,电子
600330,电子
688127,电子
688020,电子
300136,电子
301326,电子
301479,电子
920012,电子
603175,电子
300054,电子
301045,电子
002654,电子
301489,电子
688545,电子
300656,电子
300323,电子
300814,电子
603933,电子
603626,电子
002289,电子
920526,电子
300866,电子
300408,电子
300115,电子
002947,电子
688662,电子
300909,电子
300991,电子
300936,电子
301626,电子
000062,电子
688210,电子
001287,电子
301086,电子
002199,电子
301421,电子
002992,电子
301359,电子
688539,电子
300162,电子
002859,电子
300822,电子
300916,电子
300516,电子
688150,电子
603078,电子
002587,电子
920491,电子
688378,电子
002655,电子
300489,电子
000045,电子
688195,电子
300868,电子
300301,电子
688359,电子
600563,电子
301106,电子
301387,电子
688093,电子
603679,电子
000670,电子
300975,电子
603386,电子
603380,电子
300102,电子
688019,电子
301183,电子
301319,电子
300964,电子
301329,电子
300787,电子
688678,电子
688322,电子
002885,电子
603341,电子
301567,电子
300752,电子
920183,电子
002855,电子
001373,电子
200045,电子
300951,电子
002681,电子
603703,电子
301379,电子
301123,电子
300493,电子
001308,电子
300657,电子
300346,电子
920001,电子
688007,电子
301606,电子
001298,电子
002384,电子
603633,电子
300784,电子
002729,电子
301041,电子
300184,电子
001314,电子
688103,电子
002925,电子
300976,电子
000509,电子
603296,电子
301458,电子
002955,电子
300219,电子
002913,电子
300701,电子
301491,电子
300968,电子
301275,电子
002436,电子
300956,电子
300647,电子
300939,电子
002888,电子
600552,电子
688775,电子
920005,电子
603989,电子
002134,电子
688010,电子
300331,电子
002449,电子
300650,电子
002388,电子
002876,电子
603297,电子
300120,电子
301328,电子
920346,电子
300269,电子
002584,电子
002861,电子
600203,电子
300566,电子
002463,电子
301563,电子
300429,电子
002369,电子
688550,电子
920128,电子
002484,电子
600130,电子
002745,电子
688781,电子
300545,电子
301366,电子
300256,电子
301383,电子
301189,电子
920267,电子
002643,电子
300475,电子
300708,电子
688260,电子
002600,电子
920701,电子
000020,电子
688299,电子
002660,电子
603459,电子
002841,电子
688538,电子
002426,电子
002387,电子
301285,电子
000021,电子
688502,电子
002137,电子
920876,电子
301486,电子
002222,电子
688181,电子
300852,电子
300460,电子
002456,电子
002741,电子
605588,电子
002983,电子
605277,电子
300232,电子
000727,电子
300812,电子
300709,电子
002635,电子
001389,电子
300433,电子
300679,电子
688519,电子
603773,电子
301051,电子
300296,电子
002916,电子
002845,电子
300889,电子
200020,电子
002055,电子
002130,电子
300793,电子
000636,电子
003019,电子
002351,电子
002241,电子
301566,电子
300319,电子
688035,电子
688603,电子
920857,电子
603931,电子
300032,电子
300736,电子
002636,电子
920821,电子
301251,电子
002273,电子
688268,电子
300537,电子
002962,电子
300241,电子
300322,电子
002045,电子
300735,电子
002993,电子
002938,电子
603327,电子
301099,电子
300903,电子
000100,电子
003015,电子
300236,电子
688036,电子
920212,电子
301628,电子
600601,电子
000536,电子
688548,电子
301176,电子
300576,电子
002139,电子
603115,电子
300739,电子
002106,电子
200725,电子
002866,电子
002782,电子
300476,电子
605058,电子
300398,电子
301321,电子
688683,电子
603936,电子
600183,电子
603186,电子
600703,电子
688055,电子
300686,电子
605258,电子
000823,电子
300131,电子
000725,电子
002952,电子
300684,电子
002475,电子
600237,电子
300602,电子
002815,电子
300088,电子
002922,电子
300655,电子
600353,电子
301067,电子
920357,电子
603595,电子
300940,电子
301031,电子
002036,电子
920981,电子
920438,电子
301132,电子
300389,电子
300303,电子
600071,电子
603890,电子
300582,电子
300808,电子
300285,电子
605218,电子
002138,电子
603002,电子
603228,电子
301180,电子
603738,电子
603920,电子
688183,电子
301389,电子
002161,电子
002579,电子
603685,电子
920060,电子
300857,电子
002981,电子
688079,电子
603328,电子
300481,电子
002808,电子
601138,电子
603052,电子
600666,电子
002217,电子
601231,电子
301282,电子
600363,电子
000050,电子
600707,电子
688106,电子
688496,电子
300076,电子
002188,房地产
603506,房地产
300917,房地产
002968,房地产
600136,房地产
001914,房地产
600684,房地产
200056,房地产
000056,房地产
600730,培训教育
000526,培训教育
002607,培训教育
300192,培训教育
600661,培训教育
300359,培训教育
300688,培训教育
300338,培训教育
603377,培训教育
003032,培训教育
605098,培训教育
688390,逆变器
688717,逆变器
301658,逆变器
605117,逆变器
300827,逆变器
300763,逆变器
688348,逆变器
300274,逆变器
688032,逆变器
688757,检测服务
300572,检测服务
300938,检测服务
301115,检测服务
920160,检测服务
003008,检测服务
300887,检测服务
603183,检测服务
920122,检测服务
300416,检测服务
301632,检测服务
920753,检测服务
301289,检测服务
300797,检测服务
601965,检测服务
301508,检测服务
300012,检测服务
002057,检测服务
300215,检测服务
688334,检测服务
002967,检测服务
301449,检测服务
603060,检测服务
301228,检测服务
002052,其他黑色家电
301578,其他黑色家电
688609,其他黑色家电
000810,其他黑色家电
688696,其他黑色家电
000801,其他黑色家电
601086,百货
002277,百货
600857,百货
600865,百货
600280,百货
600327,百货
000679,百货
600712,百货
600628,百货
600814,百货
000882,百货
000564,百货
002187,百货
002561,百货
002419,百货
000501,百货
600828,百货
600738,百货
600859,百货
600693,百货
000715,百货
000782,锦纶
603382,锦纶
600810,锦纶
601113,锦纶
605166,锦纶
002064,氨纶
600097,渔业
000798,渔业
200992,渔业
300027,影视动漫制作
603721,影视动漫制作
300291,影视动漫制作
001330,影视动漫制作
600088,影视动漫制作
600977,影视动漫制作
000892,影视动漫制作
300426,影视动漫制作
300251,影视动漫制作
000802,影视动漫制作
601595,影视动漫制作
300133,影视动漫制作
300182,影视动漫制作
002343,影视动漫制作
300385,大气治理
920802,大气治理
603177,大气治理
300056,大气治理
003027,大气治理
600292,大气治理
920263,大气治理
603315,大气治理
301169,其他专业服务
920039,其他专业服务
603373,其他专业服务
300962,其他专业服务
600688,炼油化工
000703,炼油化工
002493,炼油化工
000059,炼油化工
600506,炼油化工
000301,炼油化工
601857,炼油化工
000698,炼油化工
600028,炼油化工
600346,炼油化工
002659,教育
600880,教育
002093,教育
600636,教育
300010,教育
301092,合成树脂
688585,合成树脂
301395,合成树脂
002361,合成树脂
002395,合成树脂
001255,合成树脂
603879,合成树脂
688716,合成树脂
603928,合成树脂
001333,合成树脂
301555,合成树脂
300487,合成树脂
605589,合成树脂
000949,粘胶
000420,粘胶
000677,粘胶
603051,胶黏剂及胶带
603683,胶黏剂及胶带
301283,胶黏剂及胶带
603681,胶黏剂及胶带
002669,胶黏剂及胶带
002157,生猪养殖
000735,生猪养殖
300498,生猪养殖
605296,生猪养殖
603477,生猪养殖
002714,生猪养殖
600975,生猪养殖
000048,生猪养殖
000876,生猪养殖
001201,生猪养殖
002124,生猪养殖
002785,其他建材Ⅲ
300234,其他建材Ⅲ
605318,其他建材Ⅲ
002718,其他建材Ⅲ
001212,其他建材Ⅲ
301429,其他建材Ⅲ
301010,其他建材Ⅲ
000619,其他建材Ⅲ
200055,其他建材Ⅲ
603038,其他建材Ⅲ
000055,其他建材Ⅲ
002043,其他建材Ⅲ
002247,其他建材Ⅲ
002791,其他建材Ⅲ
000786,其他建材Ⅲ
002333,其他建材Ⅲ
002652,其他建材Ⅲ
002548,畜禽饲料
000702,畜禽饲料
002100,畜禽饲料
001366,畜禽饲料
603609,畜禽饲料
002567,畜禽饲料
603151,畜禽饲料
002385,畜禽饲料
603363,畜禽饲料
002616,其他能源发电
000631,其他能源发电
603131,其他通用设备
920186,其他通用设备
301468,其他通用设备
300984,其他通用设备
920177,其他通用设备
688333,其他通用设备
300154,其他通用设备
301273,其他通用设备
300257,其他通用设备
600343,其他通用设备
600243,其他通用设备
920570,其他通用设备
600889,其他通用设备
300091,其他通用设备
300126,其他通用设备
688557,其他通用设备
300470,其他通用设备
301448,其他通用设备
688360,其他通用设备
301107,其他通用设备
688433,其他通用设备
002884,其他通用设备
300992,其他通用设备
002530,其他通用设备
301353,其他通用设备
920689,其他通用设备
603269,其他通用设备
301125,其他通用设备
603109,其他通用设备
688448,其他通用设备
603331,其他通用设备
920950,其他通用设备
300157,其他通用设备
300441,其他通用设备
300263,其他通用设备
301028,其他通用设备
301311,其他通用设备
001696,其他通用设备
300420,其他通用设备
603617,其他通用设备
920833,其他通用设备
002272,其他通用设备
002598,其他通用设备
301032,其他通用设备
300193,其他通用设备
603757,其他通用设备
920662,其他通用设备
002444,其他通用设备
301616,其他通用设备
605060,其他通用设备
300145,其他通用设备
301317,其他通用设备
603279,其他通用设备
300503,其他通用设备
603090,其他通用设备
300430,其他通用设备
002528,安防设备
002415,安防设备
920976,安防设备
300270,安防设备
003004,安防设备
300790,安防设备
301182,安防设备
688619,安防设备
300449,安防设备
920036,安防设备
301117,安防设备
688489,安防设备
301042,安防设备
920198,安防设备
002236,安防设备
688475,安防设备
300155,安防设备
300588,安防设备
002835,安防设备
300884,安防设备
301318,安防设备
603508,安防设备
300275,安防设备
300691,安防设备
301330,安防设备
605118,安防设备
688307,安防设备
001236,期货
603093,期货
600927,期货
002961,期货
002739,影视院线
603103,影视院线
300528,影视院线
002905,影视院线
300860,专业服务
300795,专业服务
600662,专业服务
300662,专业服务
600861,专业服务
600826,专业服务
000972,果蔬加工
920023,果蔬加工
600251,果蔬加工
600962,果蔬加工
605198,果蔬加工
300175,果蔬加工
002990,计算机设备
000066,计算机设备
301666,计算机设备
603660,计算机设备
002512,计算机设备
300455,计算机设备
301391,计算机设备
002577,计算机设备
300324,计算机设备
603019,计算机设备
920808,计算机设备
603106,计算机设备
688188,计算机设备
688060,计算机设备
301600,计算机设备
300551,计算机设备
301589,计算机设备
002180,计算机设备
300659,计算机设备
300789,计算机设备
300042,计算机设备
300333,计算机设备
002376,计算机设备
300479,计算机设备
688292,计算机设备
688288,计算机设备
603496,计算机设备
300552,计算机设备
002197,计算机设备
301503,计算机设备
300743,计算机设备
300845,计算机设备
300386,计算机设备
300847,计算机设备
300368,计算机设备
920190,计算机设备
002177,计算机设备
002268,计算机设备
300546,计算机设备
001229,计算机设备
301339,计算机设备
001339,计算机设备
920090,计算机设备
300941,计算机设备
300249,计算机设备
600100,计算机设备
300771,计算机设备
301608,计算机设备
002152,计算机设备
300508,计算机设备
300248,计算机设备
002912,计算机设备
300130,计算机设备
300645,计算机设备
688208,计算机设备
000997,计算机设备
002869,计算机设备
300462,计算机设备
300531,计算机设备
300302,计算机设备
002970,计算机设备
000977,计算机设备
603516,计算机设备
300807,计算机设备
301502,电机Ⅲ
603819,电机Ⅲ
002249,电机Ⅲ
300626,电机Ⅲ
920100,电机Ⅲ
003021,电机Ⅲ
301023,电机Ⅲ
603728,电机Ⅲ
300907,电机Ⅲ
600580,电机Ⅲ
002196,电机Ⅲ
002801,电机Ⅲ
920011,电机Ⅲ
603489,电机Ⅲ
603370,电机Ⅲ
002892,电机Ⅲ
000922,电机Ⅲ
300660,电机Ⅲ
603344,电机Ⅲ
002823,电机Ⅲ
002176,电机Ⅲ
301226,电机Ⅲ
603350,电机Ⅲ
603320,电机Ⅲ
600416,电机Ⅲ
002576,电机Ⅲ
603988,电机Ⅲ
688400,其他专用设备
688531,其他专用设备
688813,其他专用设备
002779,其他专用设备
603076,其他专用设备
301338,其他专用设备
603081,其他专用设备
300833,其他专用设备
920080,其他专用设备
300004,其他专用设备
920475,其他专用设备
688211,其他专用设备
300836,其他专用设备
920717,其他专用设备
000856,其他专用设备
002006,其他专用设备
300293,其他专用设备
600501,其他专用设备
300103,其他专用设备
300988,其他专用设备
688071,其他专用设备
920091,其他专用设备
300382,其他专用设备
002757,其他专用设备
688312,其他专用设备
603289,其他专用设备
603011,其他专用设备
300412,其他专用设备
603895,其他专用设备
002529,其他专用设备
301013,其他专用设备
300415,其他专用设备
920455,其他专用设备
002031,其他专用设备
688113,其他专用设备
002786,其他专用设备
300813,其他专用设备
688383,其他专用设备
920855,其他专用设备
300971,其他专用设备
688529,其他专用设备
688755,其他专用设备
920112,其他专用设备
001395,其他专用设备
603956,其他专用设备
300549,其他专用设备
300411,其他专用设备
002337,其他专用设备
600444,其他专用设备
300823,其他专用设备
300472,其他专用设备
688128,其他专用设备
301083,其他专用设备
300281,其他专用设备
600579,其他专用设备
002009,其他专用设备
300151,其他专用设备
688596,其他专用设备
603656,其他专用设备
002837,其他专用设备
300756,其他专用设备
688022,其他专用设备
920856,其他专用设备
002833,其他专用设备
300902,其他专用设备
603159,其他专用设备
301392,其他专用设备
688328,其他专用设备
688092,其他专用设备
002690,其他专用设备
688162,其他专用设备
001400,其他专用设备
301598,其他专用设备
300471,其他专用设备
600520,其他专用设备
603855,其他专用设备
301200,其他专用设备
300499,其他专用设备
300540,其他专用设备
920026,其他专用设备
688648,其他专用设备
688700,其他专用设备
920061,其他专用设备
920284,其他专用设备
002816,其他专用设备
688630,其他专用设备
002595,其他专用设备
301128,其他专用设备
600499,其他专用设备
002073,其他专用设备
605259,其他专用设备
603668,水产饲料
002696,水产饲料
002311,水产饲料
001313,水产饲料
300885,金属制品
301268,金属制品
603699,金属制品
920693,金属制品
002342,金属制品
300838,金属制品
600114,金属制品
300260,金属制品
300421,金属制品
002633,金属制品
603667,金属制品
002347,金属制品
002871,金属制品
920510,金属制品
603400,金属制品
603270,金属制品
301377,金属制品
002896,金属制品
301255,金属制品
002843,金属制品
300946,金属制品
002795,金属制品
600592,金属制品
600558,金属制品
688308,金属制品
920679,金属制品
920169,金属制品
300985,金属制品
001379,金属制品
920002,金属制品
301368,金属制品
301559,金属制品
300718,金属制品
002150,金属制品
301151,金属制品
301596,金属制品
301137,金属制品
603028,金属制品
300488,金属制品
688059,金属制品
001306,金属制品
002877,金属制品
920260,金属制品
002164,金属制品
000777,金属制品
002931,金属制品
301309,金属制品
688355,金属制品
605100,金属制品
600860,金属制品
300402,金属制品
300780,金属制品
603969,金属制品
300817,金属制品
601177,金属制品
920082,金属制品
000039,金属制品
002132,金属制品
920720,金属制品
002438,金属制品
300228,金属制品
603915,金属制品
002026,金属制品
601002,金属制品
688379,金属制品
603308,金属制品
920223,金属制品
920505,金属制品
301548,金属制品
002552,金属制品
301261,金属制品
002131,金属制品
300828,金属制品
300943,金属制品
603278,金属制品
688257,金属制品
002445,金属制品
600992,金属制品
920943,金属制品
600421,金属制品
002514,金属制品
301232,风电设备
600072,风电设备
301040,风电设备
603063,风电设备
300129,风电设备
300850,风电设备
301557,风电设备
300443,风电设备
002531,风电设备
301155,风电设备
301163,风电设备
301456,风电设备
300185,风电设备
601026,风电设备
300904,风电设备
300690,风电设备
000809,风电设备
603248,风电设备
300569,风电设备
002487,风电设备
603218,风电设备
603985,风电设备
603507,风电设备
601218,风电设备
603092,风电设备
688808,机械设备
603095,机械设备
603698,机械设备
002158,机械设备
002685,机械设备
601106,机械设备
688115,机械设备
002353,机械设备
300165,机械设备
300567,机械设备
603800,机械设备
002021,机械设备
002730,机械设备
920027,机械设备
603135,机械设备
603356,机械设备
688450,机械设备
688528,机械设备
301016,机械设备
001277,机械设备
300084,机械设备
601399,机械设备
688583,机械设备
920553,机械设备
300553,机械设备
301006,机械设备
603321,机械设备
300099,机械设备
301043,机械设备
688285,机械设备
600984,机械设备
002611,机械设备
688015,机械设备
301260,机械设备
601798,机械设备
300417,机械设备
920895,机械设备
920509,机械设备
600843,机械设备
300445,机械设备
300371,机械设备
300862,机械设备
603488,机械设备
300897,机械设备
301048,机械设备
300307,机械设备
300923,机械设备
300351,机械设备
300095,机械设备
688610,机械设备
300007,机械设备
301413,机械设备
601608,机械设备
688485,机械设备
300906,机械设备
688665,机械设备
603273,机械设备
688627,机械设备
002527,机械设备
920158,机械设备
688377,机械设备
001288,机械设备
603029,机械设备
002767,机械设备
300521,机械设备
300466,机械设备
300354,机械设备
600202,机械设备
603662,机械设备
605001,机械设备
002774,机械设备
900924,机械设备
300112,机械设备
603500,机械设备
300512,机械设备
600835,机械设备
000811,机械设备
300851,机械设备
601038,机械设备
603912,机械设备
300306,机械设备
002960,机械设备
920706,机械设备
603169,机械设备
001225,机械设备
002523,机械设备
301525,机械设备
920685,机械设备
600262,机械设备
603111,机械设备
920931,机械设备
601766,机械设备
002490,机械设备
920124,机械设备
600560,机械设备
300960,机械设备
001360,机械设备
600320,机械设备
002722,机械设备
000852,机械设备
002849,机械设备
603680,机械设备
300720,机械设备
301533,机械设备
000680,机械设备
300879,机械设备
301360,机械设备
300557,机械设备
688569,机械设备
301528,机械设备
920407,机械设备
600980,机械设备
001256,机械设备
603339,机械设备
300669,机械设备
300011,机械设备
688367,机械设备
603280,机械设备
920599,机械设备
920810,机械设备
688420,机械设备
001324,机械设备
920608,机械设备
300950,机械设备
301303,机械设备
300092,机械设备
600232,机械设备
002819,机械设备
301105,机械设备
002639,机械设备
000530,机械设备
900925,机械设备
301197,机械设备
920101,机械设备
301018,机械设备
920476,机械设备
600495,机械设备
688056,机械设备
002278,机械设备
603700,机械设备
688459,机械设备
920395,机械设备
300201,机械设备
600458,机械设备
688112,机械设备
900947,机械设备
920541,机械设备
688033,机械设备
200530,机械设备
301053,机械设备
301063,机械设备
300370,机械设备
603277,机械设备
002972,机械设备
002483,机械设备
300203,机械设备
301056,机械设备
603337,机械设备
002204,机械设备
300515,机械设备
300066,机械设备
301129,机械设备
000008,机械设备
920781,机械设备
600169,机械设备
300509,机械设备
600815,机械设备
300865,机械设备
600894,机械设备
603100,机械设备
301272,机械设备
688768,机械设备
603194,机械设备
603325,机械设备
600031,机械设备
603611,机械设备
603173,机械设备
002097,机械设备
002535,机械设备
688425,机械设备
300195,机械设备
600582,机械设备
603966,机械设备
300259,机械设备
605298,机械设备
920363,机械设备
300349,机械设备
603012,机械设备
920703,机械设备
603036,机械设备
300667,机械设备
688633,机械设备
000927,机械设备
688628,机械设备
300837,机械设备
002367,机械设备
600397,机械设备
300159,机械设备
002526,机械设备
603298,机械设备
603789,机械设备
605305,机械设备
600761,机械设备
300480,机械设备
301601,机械设备
688187,机械设备
301158,机械设备
605286,机械设备
002686,机械设备
601369,机械设备
301138,机械设备
688337,机械设备
001332,机械设备
002689,机械设备
000157,机械设备
002890,机械设备
605056,机械设备
301399,机械设备
920029,机械设备
301070,机械设备
000528,机械设备
300931,机械设备
688009,机械设备
920879,机械设备
002058,机械设备
301630,机械设备
000425,机械设备
920961,机械设备
002564,机械设备
603187,机械设备
688001,机械设备
300990,机械设备
920651,机械设备
603391,机械设备
603901,机械设备
002175,机械设备
603338,机械设备
002691,机械设备
000925,机械设备
003036,机械设备
688622,机械设备
600545,机械设备
601717,机械设备
002209,机械设备
688789,机械设备
688121,机械设备
300594,机械设备
600302,机械设备
002667,机械设备
002181,大众出版
600229,大众出版
301231,大众出版
601858,大众出版
603096,大众出版
300788,大众出版
301025,大众出版
301052,大众出版
603230,大众出版
600825,大众出版
601949,大众出版
600373,大众出版
603999,大众出版
600551,大众出版
000793,大众出版
601801,大众出版
601999,大众出版
000719,大众出版
300469,垂直应用软件
920592,垂直应用软件
300935,垂直应用软件
688083,垂直应用软件
300380,垂直应用软件
688615,垂直应用软件
603990,垂直应用软件
301269,垂直应用软件
688479,垂直应用软件
300366,垂直应用软件
688296,垂直应用软件
688291,垂直应用软件
300605,垂直应用软件
688078,垂直应用软件
300085,垂直应用软件
603232,垂直应用软件
300235,垂直应用软件
300550,垂直应用软件
688590,垂直应用软件
300556,垂直应用软件
300209,垂直应用软件
688692,垂直应用软件
600570,垂直应用软件
000503,垂直应用软件
920932,垂直应用软件
301095,垂直应用软件
920799,垂直应用软件
688206,垂直应用软件
600455,垂直应用软件
920415,垂直应用软件
300520,垂直应用软件
688588,垂直应用软件
002362,垂直应用软件
002261,垂直应用软件
002405,垂直应用软件
300377,垂直应用软件
002153,垂直应用软件
300253,垂直应用软件
300803,垂直应用软件
300226,垂直应用软件
301378,垂直应用软件
300542,垂直应用软件
300074,垂直应用软件
003029,垂直应用软件
688507,垂直应用软件
300830,垂直应用软件
300730,垂直应用软件
301337,垂直应用软件
003007,垂直应用软件
301195,垂直应用软件
300465,垂直应用软件
688318,垂直应用软件
300365,垂直应用软件
300033,垂直应用软件
300996,垂直应用软件
688631,垂直应用软件
300525,垂直应用软件
301159,垂直应用软件
000948,垂直应用软件
300468,垂直应用软件
603927,垂直应用软件
688118,垂直应用软件
688232,垂直应用软件
601519,垂直应用软件
300608,垂直应用软件
688657,垂直应用软件
300451,垂直应用软件
300663,垂直应用软件
688109,垂直应用软件
688246,垂直应用软件
002987,垂直应用软件
002322,垂直应用软件
300579,垂直应用软件
300559,垂直应用软件
688171,垂直应用软件
002410,垂直应用软件
600602,垂直应用软件
300229,垂直应用软件
301153,垂直应用软件
300047,垂直应用软件
300925,垂直应用软件
300075,垂直应用软件
002253,垂直应用软件
300598,垂直应用软件
300188,垂直应用软件
900901,垂直应用软件
002063,垂直应用软件
300348,垂直应用软件
603383,垂直应用软件
920207,垂直应用软件
688326,垂直应用软件
688038,垂直应用软件
600654,垂直应用软件
300561,垂直应用软件
301162,垂直应用软件
002178,垂直应用软件
603528,垂直应用软件
688579,垂直应用软件
603189,垂直应用软件
300352,垂直应用软件
300820,其他电源设备Ⅲ
300870,其他电源设备Ⅲ
300153,其他电源设备Ⅲ
002851,其他电源设备Ⅲ
688785,其他电源设备Ⅲ
301516,其他电源设备Ⅲ
002364,其他电源设备Ⅲ
688551,其他电源设备Ⅲ
920110,其他电源设备Ⅲ
688719,其他电源设备Ⅲ
300713,其他电源设备Ⅲ
600405,其他电源设备Ⅲ
688411,其他电源设备Ⅲ
002366,其他电源设备Ⅲ
300491,其他电源设备Ⅲ
002951,其他电源设备Ⅲ
301590,其他电源设备Ⅲ
002518,其他电源设备Ⅲ
300693,其他电源设备Ⅲ
002335,其他电源设备Ⅲ
300593,其他电源设备Ⅲ
300376,其他电源设备Ⅲ
600482,其他电源设备Ⅲ
301157,其他电源设备Ⅲ
002227,其他电源设备Ⅲ
600212,其他电源设备Ⅲ
301529,车身附件及饰件
000700,车身附件及饰件
605151,车身附件及饰件
600081,车身附件及饰件
603730,车身附件及饰件
605128,车身附件及饰件
603266,车身附件及饰件
603409,车身附件及饰件
603085,车身附件及饰件
301552,车身附件及饰件
920270,车身附件及饰件
301133,车身附件及饰件
002516,车身附件及饰件
300100,车身附件及饰件
920187,车身附件及饰件
603418,车身附件及饰件
301398,车身附件及饰件
301173,车身附件及饰件
001319,车身附件及饰件
920533,车身附件及饰件
920906,车身附件及饰件
920663,车身附件及饰件
603306,车身附件及饰件
600609,车身附件及饰件
920690,车身附件及饰件
300446,车身附件及饰件
600742,车身附件及饰件
603997,车身附件及饰件
300978,车身附件及饰件
600626,车身附件及饰件
605068,车身附件及饰件
300893,车身附件及饰件
600660,车身附件及饰件
001260,车身附件及饰件
601799,车身附件及饰件
002537,车身附件及饰件
605228,车身附件及饰件
002048,车身附件及饰件
603035,车身附件及饰件
600741,车身附件及饰件
001278,车身附件及饰件
002662,车身附件及饰件
601339,纺织服饰
002394,纺织服饰
600527,纺织服饰
002721,纺织服饰
300877,纺织服饰
603900,纺织服饰
600448,纺织服饰
920527,纺织服饰
600493,纺织服饰
605180,纺织服饰
200017,纺织服饰
301066,纺织服饰
002098,纺织服饰
200026,纺织服饰
002574,纺织服饰
300918,纺织服饰
000955,纺织服饰
603558,纺织服饰
000026,纺织服饰
600916,纺织服饰
601599,纺织服饰
600439,纺织服饰
000017,纺织服饰
300979,纺织服饰
900905,纺织服饰
001390,纺织服饰
002144,纺织服饰
301177,纺织服饰
600987,纺织服饰
603889,纺织服饰
002042,纺织服饰
600612,纺织服饰
605055,纺织服饰
002867,纺织服饰
000850,纺织服饰
001312,纺织服饰
000726,纺织服饰
002674,纺织服饰
300945,纺织服饰
002003,纺织服饰
002083,纺织服饰
603130,纺织服饰
200726,纺织服饰
603055,纺织服饰
300819,纺织服饰
600156,纺织服饰
605189,纺织服饰
600735,纺织服饰
002731,纺织服饰
002345,纺织服饰
605599,纺织服饰
688599,光伏电池组件
002865,光伏电池组件
600151,光伏电池组件
600732,光伏电池组件
688223,光伏电池组件
300118,光伏电池组件
300093,光伏电池组件
688429,光伏电池组件
300393,光伏电池组件
301168,光伏电池组件
002459,光伏电池组件
301636,光伏电池组件
301278,光伏电池组件
300051,光伏电池组件
688472,光伏电池组件
300080,光伏电池组件
920985,光伏电池组件
002056,光伏电池组件
002506,光伏电池组件
603778,光伏电池组件
920770,光伏电池组件
002309,光伏电池组件
600537,光伏电池组件
000007,商业物业经营
600743,商业物业经营
601828,商业物业经营
600790,商业物业经营
603682,商业物业经营
300947,商业物业经营
000058,商业物业经营
200058,商业物业经营
002344,商业物业经营
600655,商业物业经营
002818,商业物业经营
000061,商业物业经营
600113,商业物业经营
000785,商业物业经营
600605,商业物业经营
600415,商业物业经营
002982,养殖业
002746,养殖业
300761,养殖业
002458,养殖业
301116,养殖业
002321,养殖业
300967,养殖业
002234,养殖业
002299,养殖业
300313,养殖业
600965,养殖业
688418,其他通信设备
688283,其他通信设备
300213,其他通信设备
300353,其他通信设备
300414,其他通信设备
200468,其他通信设备
301202,其他通信设备
300183,其他通信设备
920374,其他通信设备
688080,其他通信设备
300711,其他通信设备
600776,其他通信设备
900941,其他通信设备
600345,其他通信设备
900923,一般零售
600697,一般零售
000417,一般零售
600778,一般零售
605188,一般零售
000419,一般零售
601933,一般零售
600824,一般零售
002697,一般零售
600827,一般零售
603101,一般零售
002251,一般零售
603708,一般零售
000759,一般零售
600838,一般零售
600858,一般零售
600694,一般零售
002356,一般零售
601116,一般零售
601366,一般零售
600785,一般零售
600729,一般零售
601010,一般零售
688021,其他汽车零部件
603190,其他汽车零部件
603119,其他汽车零部件
300816,其他汽车零部件
603048,其他汽车零部件
301005,其他汽车零部件
300969,其他汽车零部件
001311,其他汽车零部件
301186,其他汽车零部件
002997,其他汽车零部件
920055,其他汽车零部件
603201,其他汽车零部件
603210,其他汽车零部件
301233,其他汽车零部件
920247,其他汽车零部件
002976,其他汽车零部件
920022,其他汽车零部件
301298,其他汽车零部件
002510,其他汽车零部件
601279,其他汽车零部件
002190,其他汽车零部件
920221,其他汽车零部件
605319,其他汽车零部件
301022,其他汽车零部件
603211,其他汽车零部件
605018,其他汽车零部件
301613,其他汽车零部件
002921,其他汽车零部件
002101,其他汽车零部件
600523,其他汽车零部件
603768,其他汽车零部件
603006,其他汽车零部件
600480,其他汽车零部件
300998,其他汽车零部件
300926,其他汽车零部件
301000,其他汽车零部件
301535,其他汽车零部件
300643,其他汽车零部件
300912,其他汽车零部件
300237,其他汽车零部件
000887,其他汽车零部件
002965,其他汽车零部件
301181,其他汽车零部件
300707,其他汽车零部件
603197,其他汽车零部件
603348,其他汽车零部件
603239,其他汽车零部件
300473,其他汽车零部件
603352,其他汽车零部件
688737,其他汽车零部件
603655,其他汽车零部件
002328,其他汽车零部件
603358,其他汽车零部件
603922,其他汽车零部件
002547,其他汽车零部件
603917,其他汽车零部件
002682,公路货运
603813,公路货运
002010,公路货运
002800,公路货运
603569,公路货运
600883,种植业
600354,种植业
300087,种植业
300189,种植业
002041,种植业
600371,种植业
920403,种植业
920087,种植业
600598,种植业
002772,种植业
000998,种植业
600313,种植业
601952,种植业
300511,种植业
000713,种植业
300970,种植业
301198,包装印刷
603022,包装印刷
003003,包装印刷
002787,包装印刷
002701,包装印刷
002735,包装印刷
002752,包装印刷
603607,包装印刷
601968,包装印刷
002374,包装印刷
920163,包装印刷
002969,包装印刷
002014,包装印刷
920204,包装印刷
300501,包装印刷
002846,包装印刷
000659,包装印刷
920274,包装印刷
600210,包装印刷
003018,包装印刷
600076,包装印刷
920765,轻工制造
002235,轻工制造
600433,轻工制造
603389,轻工制造
603818,轻工制造
605377,轻工制造
002631,轻工制造
920132,轻工制造
301336,轻工制造
002790,轻工制造
603898,轻工制造
301575,轻工制造
605007,轻工制造
002853,轻工制造
600966,轻工制造
603610,轻工制造
603165,轻工制造
603848,轻工制造
600235,轻工制造
600356,轻工制造
603600,轻工制造
605500,轻工制造
603385,轻工制造
603208,轻工制造
002521,轻工制造
300749,轻工制造
603216,轻工制造
002084,轻工制造
001322,轻工制造
603863,轻工制造
002067,轻工制造
603284,轻工制造
603408,轻工制造
603709,轻工制造
600963,轻工制造
002012,轻工制造
920445,轻工制造
920394,轻工制造
301469,轻工制造
603816,轻工制造
600567,轻工制造
001323,轻工制造
301227,轻工制造
603801,轻工制造
000488,轻工制造
603180,轻工制造
002078,轻工制造
002489,轻工制造
600308,轻工制造
603733,轻工制造
603326,轻工制造
300616,轻工制造
603833,轻工制造
603992,轻工制造
600103,轻工制造
301061,轻工制造
200488,轻工制造
603661,轻工制造
603008,轻工制造
301376,轻工制造
002572,轻工制造
605268,轻工制造
603313,轻工制造
600793,轻工制造
600337,轻工制造
000980,汽车电子电气系统
002870,汽车电子电气系统
301310,汽车电子电气系统
603179,汽车电子电气系统
300928,汽车电子电气系统
600651,汽车电子电气系统
301499,汽车电子电气系统
000901,汽车电子电气系统
002937,汽车电子电气系统
300304,汽车电子电气系统
603786,汽车电子电气系统
002813,汽车电子电气系统
002664,汽车电子电气系统
301581,汽车电子电气系统
603023,汽车电子电气系统
301488,汽车电子电气系统
920436,汽车电子电气系统
600699,汽车电子电气系统
688612,汽车电子电气系统
688533,汽车电子电气系统
603293,汽车电子电气系统
605333,汽车电子电气系统
002766,汽车电子电气系统
002239,汽车电子电气系统
603202,汽车电子电气系统
603376,汽车电子电气系统
001285,汽车电子电气系统
002920,汽车电子电气系统
301656,汽车电子电气系统
301631,汽车电子电气系统
301221,汽车电子电气系统
300863,汽车电子电气系统
605005,汽车电子电气系统
603390,汽车电子电气系统
300681,汽车电子电气系统
300745,汽车电子电气系统
002906,汽车电子电气系统
301607,汽车电子电气系统
920168,汽车电子电气系统
688667,汽车电子电气系统
002454,汽车电子电气系统
000663,林业Ⅱ
000592,林业Ⅱ
002679,林业Ⅱ
600265,林业Ⅱ
603398,光伏设备
603212,光伏设备
002623,光伏设备
688680,光伏设备
603381,光伏设备
688503,光伏设备
300842,光伏设备
001269,光伏设备
920167,光伏设备
688560,光伏设备
300345,光伏设备
002129,光伏设备
301266,光伏设备
603806,光伏设备
600438,光伏设备
688598,光伏设备
601012,光伏设备
600481,光伏设备
603185,光伏设备
601865,光伏设备
600207,光伏设备
603628,光伏设备
920007,光伏设备
688303,光伏设备
003022,光伏设备
688408,光伏设备
600060,黑色家电
600839,黑色家电
002848,黑色家电
002429,黑色家电
601233,炼化及贸易
300135,炼化及贸易
300839,炼化及贸易
300055,炼化及贸易
000637,炼化及贸易
600800,炼化及贸易
000985,炼化及贸易
002476,炼化及贸易
000819,炼化及贸易
002408,炼化及贸易
002221,炼化及贸易
002377,炼化及贸易
603798,炼化及贸易
002986,炼化及贸易
600288,软件开发
688152,软件开发
300454,软件开发
002439,软件开发
688058,软件开发
688435,软件开发
688695,软件开发
601360,软件开发
688561,软件开发
688095,软件开发
688030,软件开发
688244,软件开发
301315,软件开发
688651,软件开发
688111,软件开发
688031,软件开发
603039,软件开发
300036,软件开发
688225,软件开发
300768,软件开发
688369,软件开发
300311,软件开发
002230,软件开发
688168,软件开发
301270,软件开发
300378,软件开发
600588,软件开发
300369,软件开发
300766,软件开发
300624,软件开发
688023,软件开发
002279,软件开发
002212,软件开发
688201,软件开发
000004,软件开发
603178,汽车零部件
000880,汽车零部件
301225,汽车零部件
603286,汽车零部件
601500,汽车零部件
603926,汽车零部件
300547,汽车零部件
002725,汽车零部件
601689,汽车零部件
301550,汽车零部件
920378,汽车零部件
300680,汽车零部件
002488,汽车零部件
000338,汽车零部件
000599,汽车零部件
600933,汽车零部件
301397,汽车零部件
002472,汽车零部件
300652,汽车零部件
600218,汽车零部件
001282,汽车零部件
000981,汽车零部件
603809,汽车零部件
920086,汽车零部件
002715,汽车零部件
605255,汽车零部件
300580,汽车零部件
603166,汽车零部件
301667,汽车零部件
603013,汽车零部件
001233,汽车零部件
603305,汽车零部件
301119,汽车零部件
301072,汽车零部件
920146,汽车零部件
000559,汽车零部件
002265,汽车零部件
605133,汽车零部件
300428,汽车零部件
603319,汽车零部件
301007,汽车零部件
605088,汽车零部件
002363,汽车零部件
000678,汽车零部件
002708,汽车零部件
301020,汽车零部件
920871,汽车零部件
300694,汽车零部件
603701,汽车零部件
603009,汽车零部件
002355,汽车零部件
301539,汽车零部件
301192,汽车零部件
300258,汽车零部件
603767,汽车零部件
900920,汽车零部件
200581,汽车零部件
300611,汽车零部件
603161,汽车零部件
603788,汽车零部件
600698,汽车零部件
920242,汽车零部件
000816,汽车零部件
600841,汽车零部件
920896,汽车零部件
002284,汽车零部件
603586,汽车零部件
301229,汽车零部件
300176,汽车零部件
920454,汽车零部件
603982,汽车零部件
301170,汽车零部件
600148,汽车零部件
300695,汽车零部件
603949,汽车零部件
920000,汽车零部件
600469,汽车零部件
000581,汽车零部件
603107,汽车零部件
603040,汽车零部件
920271,汽车零部件
900946,汽车零部件
603121,汽车零部件
920837,汽车零部件
000030,汽车零部件
300375,汽车零部件
603089,汽车零部件
603758,汽车零部件
002592,汽车零部件
002806,汽车零部件
300733,汽车零部件
002085,汽车零部件
002765,汽车零部件
603596,汽车零部件
603037,汽车零部件
002590,汽车零部件
301680,汽车零部件
002863,汽车零部件
601163,汽车零部件
300507,汽车零部件
603049,汽车零部件
200030,汽车零部件
002448,汽车零部件
002406,汽车零部件
603950,汽车零部件
002283,汽车零部件
002984,汽车零部件
600178,汽车零部件
002536,汽车零部件
601966,汽车零部件
000589,汽车零部件
920418,汽车零部件
000570,汽车零部件
603158,汽车零部件
002434,汽车零部件
002126,汽车零部件
200570,汽车零部件
001380,汽车零部件
002703,汽车零部件
603335,汽车零部件
600182,汽车零部件
601058,汽车零部件
920195,汽车零部件
300585,汽车零部件
000903,汽车零部件
603007,汽车零部件
920978,汽车零部件
301560,汽车零部件
600960,汽车零部件
002553,汽车零部件
920106,汽车零部件
688280,汽车零部件
603360,农药
000553,农药
200553,农药
300796,农药
605033,农药
920866,农药
003042,农药
002513,农药
001231,农药
002942,农药
002391,农药
920819,农药
002250,农药
002734,农药
300261,农药
603810,农药
002215,农药
301665,农药
603086,农药
300575,农药
000525,农药
002749,农药
603585,农药
002258,农药
300804,农药
600731,农药
603639,农药
603970,农药
002496,农药
600389,农药
603599,农药
600596,农药
600486,农药
301035,农药
600111,稀土
000831,稀土
600392,稀土
600259,稀土
301362,家用电器
002638,家用电器
002723,家用电器
603303,家用电器
002403,家用电器
603355,家用电器
603551,家用电器
000921,家用电器
002242,家用电器
301187,家用电器
001387,家用电器
600336,家用电器
920926,家用电器
603219,家用电器
002677,家用电器
300824,家用电器
001259,家用电器
605555,家用电器
603579,家用电器
300894,家用电器
605365,家用电器
002614,家用电器
920339,家用电器
200512,家用电器
000541,家用电器
002668,家用电器
300625,家用电器
603366,家用电器
000333,家用电器
000521,家用电器
300247,家用电器
001326,家用电器
200541,家用电器
600690,家用电器
301332,家用电器
002543,家用电器
920641,家用电器
200521,家用电器
300911,家用电器
002035,家用电器
600983,家用电器
002005,家用电器
000651,家用电器
002032,家用电器
603515,家用电器
605336,家用电器
603486,家用电器
002724,家用电器
688169,家用电器
002508,家用电器
300272,家用电器
002959,家用电器
002076,家用电器
200016,家用电器
000016,家用电器
002705,家用电器
603215,家用电器
600261,家用电器
002068,炭黑
001207,炭黑
002753,炭黑
301300,炭黑
605183,炭黑
002442,炭黑
601727,其他电源设备Ⅱ
002255,其他电源设备Ⅱ
300105,其他电源设备Ⅱ
002534,其他电源设备Ⅱ
600875,其他电源设备Ⅱ
002630,其他电源设备Ⅱ
300536,园林工程
603717,园林工程
300948,园林工程
002663,园林工程
300197,园林工程
300949,园林工程
605303,园林工程
002775,园林工程
301098,园林工程
002200,园林工程
300355,园林工程
300649,园林工程
603955,园林工程
002717,园林工程
000010,园林工程
603316,园林工程
002431,园林工程
603359,园林工程
002929,通信工程及服务
603559,通信工程及服务
300050,通信工程及服务
002316,通信工程及服务
301139,通信工程及服务
300211,通信工程及服务
300513,通信工程及服务
002544,通信工程及服务
300025,通信工程及服务
300560,通信工程及服务
603322,通信工程及服务
920924,通信工程及服务
300597,通信工程及服务
603206,通信工程及服务
300310,通信工程及服务
002115,通信工程及服务
603220,通信工程及服务
300603,通信工程及服务
600289,通信工程及服务
000889,通信工程及服务
301246,原料药
688166,原料药
300966,原料药
300267,原料药
920946,原料药
002365,原料药
301301,原料药
603229,原料药
300583,原料药
688076,原料药
000952,原料药
603520,原料药
002817,原料药
300765,原料药
301089,原料药
920656,原料药
000953,原料药
300636,原料药
301277,原料药
920367,原料药
603351,原料药
301258,原料药
301211,原料药
300452,原料药
001367,原料药
002332,原料药
301281,原料药
920478,原料药
300381,原料药
301065,原料药
688690,原料药
605177,原料药
920230,原料药
300702,原料药
000739,原料药
600216,原料药
300401,原料药
605507,原料药
605116,原料药
688356,原料药
688758,原料药
300497,原料药
600488,原料药
002099,原料药
603538,原料药
002102,原料药
300599,装修建材
002066,装修建材
002372,装修建材
920191,装修建材
300198,装修建材
920076,装修建材
688119,装修建材
920580,装修建材
300715,装修建材
920792,装修建材
002641,装修建材
300737,装修建材
002392,装修建材
603856,装修建材
002271,装修建材
603737,装修建材
002225,装修建材
002457,装修建材
002088,装修建材
002694,装修建材
603378,装修建材
688189,化学制药
688302,化学制药
300558,化学制药
002653,化学制药
300254,化学制药
688321,化学制药
600624,化学制药
688382,化学制药
002755,化学制药
300723,化学制药
600513,化学制药
688505,化学制药
688062,化学制药
688266,化学制药
000766,化学制药
688759,化学制药
920017,化学制药
002793,化学制药
300086,化学制药
301075,化学制药
688553,化学制药
688192,化学制药
600521,化学制药
688658,化学制药
002370,化学制药
301130,化学制药
688247,化学制药
920735,化学制药
002422,化学制药
920566,化学制药
300434,化学制药
000915,化学制药
688513,化学制药
000919,化学制药
002399,化学制药
688373,化学制药
688799,化学制药
000566,化学制药
688176,化学制药
301507,化学制药
688091,化学制药
301263,化学制药
688197,化学制药
000813,化学制药
300111,化学制药
601089,化学制药
300436,化学制药
300255,化学制药
600774,化学制药
000931,化学制药
600613,化学制药
688566,化学制药
002900,化学制药
002262,化学制药
603207,化学制药
900904,化学制药
603676,化学制药
603168,化学制药
300110,化学制药
002826,化学制药
600420,化学制药
002004,化学制药
300194,化学制药
600789,化学制药
688602,化学制药
000153,化学制药
002693,化学制药
002872,化学制药
002923,化学制药
002019,化学制药
000513,化学制药
688428,化学制药
000963,化学制药
600851,化学制药
000597,化学制药
600062,化学制药
688235,化学制药
002393,化学制药
300705,化学制药
003020,化学制药
603367,化学制药
900917,化学制药
300233,化学制药
300006,化学制药
300204,化学制药
688221,化学制药
603811,化学制药
688578,化学制药
002020,化学制药
600812,化学制药
300199,化学制药
002294,化学制药
000756,化学制药
002550,化学制药
300573,化学制药
600267,化学制药
600380,化学制药
603669,化学制药
600196,化学制药
300016,化学制药
600079,化学制药
600276,化学制药
000788,化学制药
300584,化学制药
002675,化学制药
600664,化学制药
603707,化学制药
002437,化学制药
002940,化学制药
000908,化学制药
002038,化学制药
002898,化学制药
002742,化学制药
002082,化学制药
603937,有色金属
002149,有色金属
001337,有色金属
603527,有色金属
000688,有色金属
603876,有色金属
603271,有色金属
600768,有色金属
000737,有色金属
300337,有色金属
300328,有色金属
000060,有色金属
688750,有色金属
002295,有色金属
002716,有色金属
600615,有色金属
002428,有色金属
000506,有色金属
600301,有色金属
601069,有色金属
002988,有色金属
002182,有色金属
300057,有色金属
002155,有色金属
002996,有色金属
300139,有色金属
000751,有色金属
002203,有色金属
600338,有色金属
300697,有色金属
601212,有色金属
600489,有色金属
003038,有色金属
600456,有色金属
600361,有色金属
002578,有色金属
600219,有色金属
001257,有色金属
002540,有色金属
603979,有色金属
000758,有色金属
600281,有色金属
002171,有色金属
000612,有色金属
601388,有色金属
600497,有色金属
601677,有色金属
601958,有色金属
000962,有色金属
002160,有色金属
600711,有色金属
301026,有色金属
605208,有色金属
002379,有色金属
600490,有色金属
002978,有色金属
601702,有色金属
000960,有色金属
000878,有色金属
600888,有色金属
002114,有色金属
002167,有色金属
600362,有色金属
603132,有色金属
600459,有色金属
002237,有色金属
601600,有色金属
000426,有色金属
600988,有色金属
001280,有色金属
601609,有色金属
601020,有色金属
601899,有色金属
601168,有色金属
002824,有色金属
000603,有色金属
600595,有色金属
000933,有色金属
000630,有色金属
600547,有色金属
603993,有色金属
600531,有色金属
920634,有色金属
000807,有色金属
002532,有色金属
000975,有色金属
920068,有色金属
600961,有色金属
002501,有色金属
001338,农林牧渔
600201,农林牧渔
000505,农林牧渔
300999,农林牧渔
920275,农林牧渔
603182,农林牧渔
003030,农林牧渔
600737,农林牧渔
920970,农林牧渔
920729,农林牧渔
002868,农林牧渔
002286,农林牧渔
000930,农林牧渔
300268,农林牧渔
300021,农林牧渔
002556,农林牧渔
920964,农林牧渔
920371,农林牧渔
002688,农林牧渔
002481,农林牧渔
300673,农林牧渔
603566,农林牧渔
200505,农林牧渔
920419,农林牧渔
600127,农林牧渔
300119,农林牧渔
000019,农林牧渔
200019,农林牧渔
600195,农林牧渔
688098,农林牧渔
002141,农林牧渔
300138,农林牧渔
300871,农林牧渔
002852,农林牧渔
688526,农林牧渔
920273,农林牧渔
301498,农林牧渔
600191,农林牧渔
002891,农林牧渔
603231,农林牧渔
000911,农林牧渔
000638,农林牧渔
003033,摩托车
301345,摩托车
603787,摩托车
920058,摩托车
603776,摩托车
601777,摩托车
603766,摩托车
603129,摩托车
000913,摩托车
301316,计算机
300609,计算机
688227,计算机
300264,计算机
688343,计算机
600476,计算机
688088,计算机
300872,计算机
920116,计算机
002609,计算机
002421,计算机
300448,计算机
300168,计算机
600589,计算机
688568,计算机
300440,计算机
002657,计算机
300044,计算机
688251,计算机
688207,计算机
300339,计算机
920171,计算机
688039,计算机
920493,计算机
920092,计算机
600536,计算机
688051,计算机
600271,计算机
920227,计算机
300399,计算机
600756,计算机
920184,计算机
300096,计算机
688004,计算机
688258,计算机
600446,计算机
920790,计算机
688787,计算机
920130,计算机
002232,计算机
300300,计算机
920748,计算机
920564,计算机
300687,计算机
301208,计算机
603869,计算机
688365,计算机
688228,计算机
300523,计算机
300419,计算机
603636,计算机
300678,计算机
300674,计算机
000034,计算机
300079,计算机
603859,计算机
300288,计算机
301185,计算机
920806,计算机
000409,计算机
300020,计算机
000555,计算机
688509,计算机
300290,计算机
301178,计算机
301248,计算机
002474,计算机
300250,计算机
688066,计算机
300532,计算机
301236,计算机
002065,计算机
300496,计算机
003005,计算机
300166,计算机
688229,计算机
002331,计算机
600718,计算机
300271,计算机
300277,计算机
688316,计算机
603918,计算机
300150,计算机
688327,计算机
300287,计算机
300078,计算机
603171,计算机
002908,计算机
300682,计算机
002373,计算机
600797,计算机
301218,计算机
002777,计算机
600845,计算机
605398,计算机
301172,计算机
000158,计算机
600131,计算机
300170,计算机
300846,计算机
900926,计算机
301556,计算机
002649,计算机
920953,计算机
000938,计算机
002642,计算机
301638,计算机
300541,计算机
688158,计算机
688500,计算机
002771,计算机
002195,计算机
301085,计算机
688562,计算机
002380,计算机
300231,计算机
600571,计算机
002401,计算机
600410,计算机
300017,计算机
600850,计算机
300634,计算机
301396,计算机
603138,计算机
300895,计算机
600728,计算机
000815,计算机
603887,计算机
600734,计算机
300167,计算机
002368,计算机
300245,计算机
300212,计算机
920305,计算机
301001,互联网电商
002024,互联网电商
605136,互联网电商
300792,互联网电商
003010,互联网电商
300518,互联网电商
600365,互联网电商
002127,互联网电商
301110,互联网电商
603613,互联网电商
600539,互联网电商
601333,铁路运输
600125,铁路运输
001317,铁路运输
000557,铁路运输
001213,铁路运输
601816,铁路运输
601006,铁路运输
301049,环境治理
688069,环境治理
300854,环境治理
600769,环境治理
002266,环境治理
000546,环境治理
301372,环境治理
300692,环境治理
603903,环境治理
002573,环境治理
688466,环境治理
688156,环境治理
688370,环境治理
601827,环境治理
688335,环境治理
301519,环境治理
603291,环境治理
300334,环境治理
300929,环境治理
300961,环境治理
603568,环境治理
300614,环境治理
688057,环境治理
000605,环境治理
688565,环境治理
920370,环境治理
300172,环境治理
601033,环境治理
300774,环境治理
300815,环境治理
600008,环境治理
603817,环境治理
301265,环境治理
300388,环境治理
301109,环境治理
603797,环境治理
603200,环境治理
601158,环境治理
002778,环境治理
688101,环境治理
688679,环境治理
601200,环境治理
000885,环境治理
301148,环境治理
001230,环境治理
600796,环境治理
301203,环境治理
000544,环境治理
600461,环境治理
600168,环境治理
688096,环境治理
300664,环境治理
301305,环境治理
601199,环境治理
300140,环境治理
300425,环境治理
601368,环境治理
000685,环境治理
300779,环境治理
002672,环境治理
301175,环境治理
000598,环境治理
300070,环境治理
300899,环境治理
600283,环境治理
002034,环境治理
603588,环境治理
600217,环境治理
301500,环境治理
600323,环境治理
300437,环境治理
301127,环境治理
003039,环境治理
600874,环境治理
002973,环境治理
300266,环境治理
300422,环境治理
301068,环境治理
000035,环境治理
300867,环境治理
603759,环境治理
688178,环境治理
601330,环境治理
002210,环境治理
605081,环境治理
600187,环境治理
600530,保健品
600381,保健品
603102,保健品
603262,保健品
920429,保健品
300791,保健品
300146,保健品
002626,保健品
000639,保健品
301322,汽车
000572,汽车
600375,汽车
002105,汽车
600099,汽车
600335,汽车
600679,汽车
900916,汽车
600104,汽车
600303,汽车
600653,汽车
000757,汽车
600822,汽车
300994,汽车
920030,汽车
301215,汽车
301039,汽车
600386,汽车
601238,汽车
600676,汽车
200550,汽车
600006,汽车
601633,汽车
300825,汽车
603529,汽车
600733,汽车
900927,汽车
000868,汽车
000957,汽车
600066,汽车
200625,汽车
000625,汽车
600418,汽车
601127,汽车
000550,汽车
002594,汽车
000951,汽车
689009,汽车
000800,汽车
600166,汽车
900915,汽车
600818,汽车
600686,汽车
688571,涂料油墨
603823,涂料油墨
301037,涂料油墨
300665,涂料油墨
603110,涂料油墨
300225,涂料油墨
001335,涂料油墨
002319,涂料油墨
301209,涂料油墨
301036,涂料油墨
301683,涂料油墨
603062,涂料油墨
688157,涂料油墨
300522,涂料油墨
000565,涂料油墨
300758,涂料油墨
688129,涂料油墨
600052,热力服务
600226,热力服务
600982,热力服务
600149,热力服务
002893,热力服务
000692,热力服务
605580,热力服务
600719,热力服务
001210,热力服务
002479,热力服务
605011,热力服务
600475,热力服务
001376,热力服务
600167,热力服务
300335,热力服务
605162,热力服务
605028,热力服务
002015,热力服务
000783,证券Ⅱ
600906,证券Ⅱ
601066,证券Ⅱ
601788,证券Ⅱ
000712,证券Ⅱ
601377,证券Ⅱ
002797,证券Ⅱ
600155,证券Ⅱ
002945,证券Ⅱ
601696,证券Ⅱ
000750,证券Ⅱ
601198,证券Ⅱ
601375,证券Ⅱ
601059,证券Ⅱ
601108,证券Ⅱ
000686,证券Ⅱ
601990,证券Ⅱ
002500,证券Ⅱ
300059,证券Ⅱ
600369,证券Ⅱ
601901,证券Ⅱ
002673,证券Ⅱ
600909,证券Ⅱ
600095,证券Ⅱ
600918,证券Ⅱ
600999,证券Ⅱ
002670,证券Ⅱ
601456,证券Ⅱ
601878,证券Ⅱ
601211,证券Ⅱ
000166,证券Ⅱ
002926,证券Ⅱ
000728,证券Ⅱ
600109,证券Ⅱ
000776,证券Ⅱ
600030,证券Ⅱ
601099,证券Ⅱ
601995,证券Ⅱ
601688,证券Ⅱ
601555,证券Ⅱ
600621,证券Ⅱ
601136,证券Ⅱ
002939,证券Ⅱ
601881,证券Ⅱ
600864,证券Ⅱ
601236,证券Ⅱ
601162,证券Ⅱ
002736,证券Ⅱ
600958,证券Ⅱ
601098,出版
601019,出版
601811,出版
300654,出版
300148,出版
601900,出版
601928,出版
600757,出版
605577,出版
601921,出版
000790,中药Ⅲ
300147,中药Ⅲ
603567,中药Ⅲ
002737,中药Ⅲ
300878,中药Ⅲ
600436,中药Ⅲ
002349,中药Ⅲ
002873,中药Ⅲ
600351,中药Ⅲ
002644,中药Ⅲ
920433,中药Ⅲ
600329,中药Ⅲ
600085,中药Ⅲ
600671,中药Ⅲ
301111,中药Ⅲ
000623,中药Ⅲ
300519,中药Ⅲ
603439,中药Ⅲ
600566,中药Ⅲ
002275,中药Ⅲ
000590,中药Ⅲ
301331,中药Ⅲ
920266,中药Ⅲ
002566,中药Ⅲ
002603,中药Ⅲ
000423,中药Ⅲ
600572,中药Ⅲ
002907,中药Ⅲ
603998,中药Ⅲ
603896,中药Ⅲ
600422,中药Ⅲ
600129,中药Ⅲ
300534,中药Ⅲ
002728,中药Ⅲ
000538,中药Ⅲ
002317,中药Ⅲ
000650,中药Ⅲ
002864,中药Ⅲ
600750,中药Ⅲ
002287,中药Ⅲ
002412,中药Ⅲ
300026,中药Ⅲ
605199,中药Ⅲ
600993,中药Ⅲ
300158,中药Ⅲ
600535,中药Ⅲ
600479,中药Ⅲ
000999,中药Ⅲ
300039,中药Ⅲ
600771,中药Ⅲ
600285,中药Ⅲ
000989,中药Ⅲ
600332,中药Ⅲ
002424,中药Ⅲ
600976,中药Ⅲ
600518,中药Ⅲ
603139,中药Ⅲ
300181,中药Ⅲ
603858,中药Ⅲ
600252,中药Ⅲ
600594,中药Ⅲ
002107,中药Ⅲ
600222,中药Ⅲ
600557,中药Ⅲ
600080,中药Ⅲ
002198,中药Ⅲ
601101,动力煤
900948,动力煤
600546,动力煤
600348,动力煤
600925,动力煤
601898,动力煤
601001,动力煤
601088,动力煤
601225,动力煤
000571,动力煤
601918,动力煤
600121,动力煤
002128,动力煤
600188,动力煤
000552,动力煤
600403,动力煤
300210,环保
002645,环保
688309,环保
000551,环保
688671,环保
603324,环保
300786,环保
300800,环保
300631,环保
688600,环保
688376,环保
688501,环保
920145,环保
603126,环保
001336,环保
600817,环保
300137,环保
600388,环保
301288,环保
002658,环保
301081,环保
600526,环保
000820,环保
000967,环保
000890,环保
603282,环保
301030,环保
300571,通信服务
301382,通信服务
300578,通信服务
002467,通信服务
002148,通信服务
301380,通信服务
300921,通信服务
300081,通信服务
600941,通信服务
301428,通信服务
002123,通信服务
000839,通信服务
601728,通信服务
600050,通信服务
300738,通信服务
300959,通信服务
603881,通信服务
300442,通信服务
300383,通信服务
300292,通信服务
603779,其他酒类
002568,其他酒类
600238,其他酒类
000869,其他酒类
200869,其他酒类
600059,其他酒类
600616,其他酒类
601579,其他酒类
600543,其他酒类
600084,其他酒类
603777,休闲食品
002820,休闲食品
001219,休闲食品
002956,休闲食品
605339,休闲食品
603886,休闲食品
300972,休闲食品
002582,休闲食品
002557,休闲食品
603697,休闲食品
002991,休闲食品
003000,休闲食品
603719,休闲食品
000716,休闲食品
603866,休闲食品
300783,休闲食品
002847,休闲食品
603043,休闲食品
300973,休闲食品
002719,休闲食品
603153,工程咨询服务Ⅲ
300778,工程咨询服务Ⅲ
300977,工程咨询服务Ⅲ
920427,工程咨询服务Ⅲ
301136,工程咨询服务Ⅲ
603018,工程咨询服务Ⅲ
300635,工程咨询服务Ⅲ
300732,工程咨询服务Ⅲ
301024,工程咨询服务Ⅲ
301390,工程咨询服务Ⅲ
600629,工程咨询服务Ⅲ
300500,工程咨询服务Ⅲ
301505,工程咨询服务Ⅲ
301167,工程咨询服务Ⅲ
920149,工程咨询服务Ⅲ
300983,工程咨询服务Ⅲ
300675,工程咨询服务Ⅲ
920003,工程咨询服务Ⅲ
300826,工程咨询服务Ⅲ
300989,工程咨询服务Ⅲ
300844,工程咨询服务Ⅲ
603017,工程咨询服务Ⅲ
300284,工程咨询服务Ⅲ
000779,工程咨询服务Ⅲ
920208,工程咨询服务Ⅲ
603860,工程咨询服务Ⅲ
603458,工程咨询服务Ⅲ
003013,工程咨询服务Ⅲ
002949,工程咨询服务Ⅲ
301038,工程咨询服务Ⅲ
301058,工程咨询服务Ⅲ
600667,工程咨询服务Ⅲ
300564,工程咨询服务Ⅲ
301091,工程咨询服务Ⅲ
603909,工程咨询服务Ⅲ
300492,工程咨询服务Ⅲ
300746,工程咨询服务Ⅲ
920873,工程咨询服务Ⅲ
301027,工程咨询服务Ⅲ
920892,工程咨询服务Ⅲ
603257,工程咨询服务Ⅲ
301365,工程咨询服务Ⅲ
600720,工程咨询服务Ⅲ
600846,工程咨询服务Ⅲ
603357,工程咨询服务Ⅲ
300668,工程咨询服务Ⅲ
002883,工程咨询服务Ⅲ
000829,商贸零售
603214,商贸零售
600250,商贸零售
600725,商贸零售
002416,商贸零售
000701,商贸零售
000151,商贸零售
600185,商贸零售
600128,商贸零售
600287,商贸零售
603071,商贸零售
301078,商贸零售
300622,商贸零售
600981,商贸零售
601888,商贸零售
600278,商贸零售
300755,商贸零售
300022,商贸零售
601061,商贸零售
600058,商贸零售
002072,商贸零售
600710,商贸零售
002183,商贸零售
002091,商贸零售
600608,商贸零售
000607,广告媒体
301102,广告媒体
002027,广告媒体
002930,仓储物流
603066,仓储物流
600794,仓储物流
002492,仓储物流
600787,仓储物流
603713,仓储物流
603188,纺织化学制品
002054,纺织化学制品
605566,纺织化学制品
603980,纺织化学制品
603790,纺织化学制品
301618,纺织化学制品
603172,纺织化学制品
600352,纺织化学制品
300107,纺织化学制品
301585,纺织化学制品
300067,纺织化学制品
002440,纺织化学制品
300798,纺织化学制品
300886,化妆品制造及其他
920123,化妆品制造及其他
300955,化妆品制造及其他
300132,化妆品制造及其他
300856,化妆品制造及其他
300849,化妆品制造及其他
002243,化妆品制造及其他
603505,氟化工
600378,氟化工
002407,氟化工
300343,氟化工
603310,氟化工
600160,氟化工
002326,氟化工
605020,氟化工
002915,氟化工
603379,氟化工
688155,锂电池
301217,锂电池
300438,锂电池
300953,锂电池
301511,锂电池
301150,锂电池
600152,锂电池
301210,锂电池
001283,锂电池
600241,锂电池
002850,锂电池
301121,锂电池
920239,锂电池
920523,锂电池
300207,锂电池
688567,锂电池
920914,锂电池
688063,锂电池
688388,锂电池
300750,锂电池
300014,锂电池
301327,锂电池
600110,锂电池
920252,锂电池
000049,锂电池
920237,锂电池
002074,锂电池
002245,锂电池
688345,锂电池
688772,锂电池
301587,锂电池
600478,锂电池
002135,建筑装饰
605598,建筑装饰
603637,建筑装饰
603843,建筑装饰
603601,建筑装饰
603815,建筑装饰
603176,建筑装饰
601611,建筑装饰
003001,建筑装饰
301046,建筑装饰
920057,建筑装饰
920019,建筑装饰
000065,建筑装饰
002593,建筑装饰
300517,建筑装饰
605167,建筑装饰
002628,建筑装饰
300374,建筑装饰
002051,建筑装饰
601068,建筑装饰
600528,建筑装饰
600496,建筑装饰
002061,建筑装饰
605178,建筑装饰
600853,建筑装饰
600477,建筑装饰
002116,建筑装饰
300986,建筑装饰
601186,建筑装饰
000928,建筑装饰
002307,建筑装饰
601117,建筑装饰
601868,建筑装饰
002140,建筑装饰
601800,建筑装饰
601618,建筑装饰
002586,建筑装饰
300712,建筑装饰
002062,建筑装饰
600512,建筑装饰
600502,建筑装饰
600820,建筑装饰
300384,建筑装饰
601669,建筑装饰
601096,建筑装饰
920174,建筑装饰
600970,建筑装饰
001396,建筑装饰
002941,建筑装饰
600284,建筑装饰
603929,建筑装饰
603163,建筑装饰
605289,建筑装饰
601133,建筑装饰
000032,建筑装饰
601226,建筑装饰
300982,建筑装饰
002542,建筑装饰
601390,建筑装饰
002743,建筑装饰
002541,建筑装饰
000498,建筑装饰
603959,建筑装饰
002323,建筑装饰
600039,建筑装饰
603098,建筑装饰
300029,建筑装饰
002254,化学纤维
300876,化学纤维
603332,化学纤维
688722,化学纤维
603073,化学纤维
603225,化学纤维
002998,化学纤维
300905,化学纤维
002206,化学纤维
603406,化学纤维
002427,化学纤维
301057,化学纤维
001369,化学纤维
600063,化学纤维
000936,化学纤维
688295,化学纤维
920077,化学纤维
600370,化学纤维
001215,食品加工
002840,食品加工
002515,食品加工
002702,食品加工
605567,食品加工
603536,食品加工
000895,食品加工
603345,食品加工
002330,食品加工
000529,食品加工
600073,食品加工
605338,食品加工
002216,食品加工
920826,食品加工
002661,食品加工
603237,食品加工
605089,食品加工
002726,食品加工
000567,资产管理
000532,资产管理
000935,资产管理
600053,资产管理
600020,高速公路
000886,高速公路
001965,高速公路
200429,高速公路
600377,高速公路
600035,高速公路
000900,高速公路
601188,高速公路
600548,高速公路
000755,高速公路
600368,高速公路
600033,高速公路
600350,高速公路
000828,高速公路
601107,高速公路
000429,高速公路
000548,高速公路
600269,高速公路
600012,高速公路
601518,高速公路
600106,高速公路
002650,食品饮料
603696,食品饮料
600573,食品饮料
600779,食品饮料
000729,食品饮料
002461,食品饮料
000929,食品饮料
920726,食品饮料
600305,食品饮料
000799,食品饮料
600600,食品饮料
603755,食品饮料
600809,食品饮料
600197,食品饮料
000995,食品饮料
002495,食品饮料
600199,食品饮料
000860,食品饮料
300908,食品饮料
002646,食品饮料
002507,食品饮料
603317,食品饮料
600186,食品饮料
002304,食品饮料
600702,食品饮料
600519,食品饮料
000752,食品饮料
603369,食品饮料
000858,食品饮料
600559,食品饮料
000568,食品饮料
603288,食品饮料
000596,食品饮料
603589,食品饮料
600132,食品饮料
603919,食品饮料
600298,食品饮料
603198,食品饮料
603170,食品饮料
200596,食品饮料
600872,食品饮料
603027,食品饮料
600696,食品饮料
688159,通信终端及配件
688100,通信终端及配件
603083,通信终端及配件
688027,通信终端及配件
920249,通信终端及配件
300615,通信终端及配件
688592,通信终端及配件
002881,通信终端及配件
003040,通信终端及配件
002017,通信终端及配件
300504,通信终端及配件
600775,通信终端及配件
300205,通信终端及配件
300555,通信终端及配件
002104,通信终端及配件
300689,通信终端及配件
603118,通信终端及配件
300638,通信终端及配件
003031,通信终端及配件
300627,通信终端及配件
300628,通信终端及配件
600198,通信终端及配件
603236,通信终端及配件
300590,通信终端及配件
002313,通信终端及配件
603803,通信终端及配件
301191,通信终端及配件
603880,医疗耗材
301188,医疗耗材
688613,医疗耗材
605369,医疗耗材
688016,医疗耗材
300326,医疗耗材
688351,医疗耗材
002901,医疗耗材
603301,医疗耗材
603222,医疗耗材
301234,医疗耗材
688108,医疗耗材
002382,医疗耗材
688576,医疗耗材
301093,医疗耗材
688029,医疗耗材
920050,医疗耗材
301097,医疗耗材
301122,医疗耗材
688085,医疗耗材
920180,医疗耗材
300595,医疗耗材
688151,医疗耗材
920069,医疗耗材
688050,医疗耗材
688198,医疗耗材
301370,医疗耗材
920166,医疗耗材
688366,医疗耗材
603976,医疗耗材
300529,医疗耗材
603987,医疗耗材
603014,医疗耗材
688314,医疗耗材
002950,医疗耗材
603309,医疗耗材
301087,医疗耗材
300003,医疗耗材
600529,医疗耗材
301033,医疗耗材
300677,医疗耗材
300653,医疗耗材
300238,医疗耗材
300981,医疗耗材
688617,医疗耗材
300453,医疗耗材
603205,医疗耗材
688026,医疗耗材
688013,医疗耗材
301580,医疗耗材
688581,医疗耗材
688161,医疗耗材
688236,医疗耗材
603718,医疗耗材
002207,石油石化
300164,石油石化
920088,石油石化
002554,石油石化
600777,石油石化
600871,石油石化
000968,石油石化
600339,石油石化
600968,石油石化
600938,石油石化
603727,石油石化
601808,石油石化
600583,石油石化
002629,石油石化
601969,石油石化
603619,石油石化
002828,石油石化
600759,石油石化
300191,石油石化
600123,煤炭开采
601666,煤炭开采
600971,煤炭开采
000983,煤炭开采
600508,煤炭开采
600985,煤炭开采
601699,煤炭开采
000937,煤炭开采
600395,煤炭开采
600758,煤炭开采
688253,体外诊断
603387,体外诊断
300406,体外诊断
600807,体外诊断
688426,体外诊断
688067,体外诊断
688217,体外诊断
688656,体外诊断
688399,体外诊断
688068,体外诊断
688468,体外诊断
688393,体外诊断
002086,体外诊断
688298,体外诊断
002022,体外诊断
002932,体外诊断
688389,体外诊断
300642,体外诊断
300942,体外诊断
300439,体外诊断
002030,体外诊断
300832,体外诊断
688075,体外诊断
688338,体外诊断
300289,体外诊断
300463,体外诊断
603658,体外诊断
300639,体外诊断
688606,体外诊断
300685,体外诊断
688289,体外诊断
920009,体外诊断
688193,体外诊断
600538,体外诊断
300482,体外诊断
688317,体外诊断
002432,体外诊断
688767,体外诊断
688575,体外诊断
300396,体外诊断
600816,非银金融
600061,非银金融
603123,非银金融
601336,非银金融
600643,非银金融
601628,非银金融
600390,非银金融
601318,非银金融
002423,非银金融
600318,非银金融
601319,非银金融
300773,非银金融
000563,非银金融
000617,非银金融
600901,非银金融
002647,非银金融
601601,非银金融
600120,非银金融
000415,非银金融
600830,非银金融
603300,非银金融
000987,非银金融
600517,非银金融
600599,非银金融
002281,通信网络设备及器件
688387,通信网络设备及器件
301577,通信网络设备及器件
300548,通信网络设备及器件
300710,通信网络设备及器件
688205,通信网络设备及器件
002792,通信网络设备及器件
301165,通信网络设备及器件
300308,通信网络设备及器件
301314,通信网络设备及器件
300620,通信网络设备及器件
002194,通信网络设备及器件
000063,通信网络设备及器件
002796,通信网络设备及器件
688313,通信网络设备及器件
300565,通信网络设备及器件
688668,通信网络设备及器件
301307,通信网络设备及器件
001267,通信网络设备及器件
002396,通信网络设备及器件
002296,通信网络设备及器件
301419,通信网络设备及器件
300698,通信网络设备及器件
300134,通信网络设备及器件
300098,通信网络设备及器件
300394,通信网络设备及器件
301205,通信网络设备及器件
688618,通信网络设备及器件
300570,通信网络设备及器件
603421,通信网络设备及器件
002897,通信网络设备及器件
002902,通信网络设备及器件
300502,通信网络设备及器件
002583,通信网络设备及器件
920045,通信网络设备及器件
688182,通信网络设备及器件
600498,通信网络设备及器件
688073,医药生物
688410,医药生物
688607,医药生物
301096,医药生物
688277,医药生物
600833,医药生物
920047,医药生物
300246,医药生物
301239,医药生物
002044,医药生物
688765,医药生物
688319,医药生物
600272,医药生物
688796,医药生物
688222,医药生物
688131,医药生物
301235,医药生物
002390,医药生物
688358,医药生物
688301,医药生物
300030,医药生物
301408,医药生物
002524,医药生物
300358,医药生物
002622,医药生物
300404,医药生物
920278,医药生物
688626,医药生物
920547,医药生物
301207,医药生物
920344,医药生物
300206,医药生物
301126,医药生物
688580,医药生物
300753,医药生物
605266,医药生物
688670,医药生物
000518,医药生物
900943,医药生物
603716,医药生物
601607,医药生物
301520,医药生物
300142,医药生物
688712,医药生物
000710,医药生物
300869,医药生物
300122,医药生物
920992,医药生物
688506,医药生物
603127,医药生物
603392,医药生物
688117,医药生物
301333,医药生物
301166,医药生物
688137,医药生物
301363,医药生物
600829,医药生物
301293,医药生物
600587,医药生物
300239,医药生物
301290,医药生物
002173,医药生物
300298,医药生物
002551,医药生物
300683,医药生物
688105,医药生物
000705,医药生物
688276,医药生物
300633,医药生物
301103,医药生物
688180,医药生物
002252,医药生物
920300,医药生物
920504,医药生物
301047,医药生物
688273,医药生物
688336,医药生物
301201,医药生物
600739,医药生物
300760,医药生物
301584,医药生物
301267,医药生物
688265,医药生物
300143,医药生物
300149,医药生物
002880,医药生物
688163,医药生物
000411,医药生物
688488,医药生物
600511,医药生物
688046,医药生物
300363,医药生物
300049,医药生物
600056,医药生物
688520,医药生物
600998,医药生物
300725,医药生物
002223,医药生物
688177,医药生物
301393,医药生物
300601,医药生物
200028,医药生物
002172,医药生物
300171,医药生物
300318,医药生物
002727,医药生物
688238,医药生物
000661,医药生物
002788,医药生物
300244,医药生物
603883,医药生物
603882,医药生物
300485,医药生物
002007,医药生物
300314,医药生物
000516,医药生物
920670,医药生物
300676,医药生物
603108,医药生物
688677,医药生物
688739,医药生物
300841,医药生物
301602,医药生物
002821,医药生物
603939,医药生物
002773,医药生物
000028,医药生物
600721,医药生物
301515,医药生物
300562,医药生物
002462,医药生物
603456,医药生物
300009,医药生物
002219,医药生物
688331,医药生物
301230,医药生物
603122,医药生物
600161,医药生物
300294,医药生物
301367,医药生物
603368,医药生物
688710,医药生物
603259,医药生物
300759,医药生物
688621,医药生物
688687,医药生物
300015,医药生物
603087,医药生物
301509,医药生物
000950,医药生物
301080,医药生物
600211,医药生物
301060,医药生物
000403,医药生物
300357,医药生物
688278,医药生物
688315,医药生物
300347,医药生物
002589,医药生物
600645,医药生物
600568,医药生物
688271,医药生物
603590,医药生物
301017,医药生物
600763,医药生物
301015,医药生物
300937,医药生物
688114,医药生物
688185,医药生物
000534,医药生物
688293,医药生物
600713,医药生物
301257,医药生物
688136,医药生物
688805,医药生物
603233,医药生物
000504,医药生物
600867,医药生物
688202,医药生物
688443,医药生物
688139,医药生物
600055,医药生物
688212,医药生物
002581,医药生物
920925,医药生物
920575,医药生物
000078,医药生物
600221,航空运输
900945,航空运输
601111,航空运输
601021,航空运输
000099,航空运输
600115,航空运输
002928,航空运输
603885,航空运输
600029,航空运输
301196,其他塑料制品
603580,其他塑料制品
300539,其他塑料制品
688087,其他塑料制品
300717,其他塑料制品
300230,其他塑料制品
300218,其他塑料制品
301019,其他塑料制品
605008,其他塑料制品
920056,其他塑料制品
301591,其他塑料制品
603330,其他塑料制品
603991,其他塑料制品
603150,其他塑料制品
300920,其他塑料制品
300180,其他塑料制品
301090,其他塑料制品
002825,其他塑料制品
301216,其他塑料制品
300980,其他塑料制品
920028,其他塑料制品
002108,其他塑料制品
300243,其他塑料制品
000558,社会服务
000796,社会服务
600706,社会服务
900942,社会服务
600576,社会服务
600054,社会服务
603099,社会服务
900934,社会服务
000888,社会服务
002707,社会服务
000721,社会服务
300144,社会服务
000610,社会服务
000428,社会服务
600593,社会服务
002627,社会服务
002059,社会服务
603136,社会服务
600138,社会服务
300859,社会服务
002186,社会服务
002306,社会服务
603199,社会服务
000430,社会服务
000524,社会服务
000978,社会服务
600258,社会服务
301073,社会服务
002033,社会服务
600749,社会服务
900929,社会服务
002159,社会服务
600754,社会服务
601007,社会服务
603402,社会服务
605108,社会服务
600844,煤化工
900921,煤化工
600722,煤化工
000830,煤化工
600623,煤化工
002274,煤化工
900909,煤化工
600989,煤化工
000990,煤化工
600746,煤化工
920021,电视广播Ⅲ
600037,电视广播Ⅲ
600936,电视广播Ⅲ
000665,电视广播Ⅲ
600996,电视广播Ⅲ
601929,电视广播Ⅲ
002238,电视广播Ⅲ
600959,电视广播Ⅲ
600831,电视广播Ⅲ
000156,电视广播Ⅲ
300770,电视广播Ⅲ
600637,电视广播Ⅲ
000917,电视广播Ⅲ
301551,电视广播Ⅲ
002400,广告营销
002878,广告营销
002354,广告营销
002995,广告营销
603598,广告营销
603602,广告营销
300242,广告营销
002291,广告营销
300612,广告营销
002264,广告营销
300063,广告营销
300071,广告营销
000676,广告营销
301171,广告营销
300781,广告营销
600556,广告营销
002712,广告营销
300061,广告营销
603825,广告营销
600358,广告营销
300805,广告营销
301262,广告营销
300058,广告营销
600640,广告营销
605168,广告营销
603729,广告营销
600986,广告营销
002357,铁路公路
603069,铁路公路
600650,铁路公路
600561,铁路公路
900914,铁路公路
600834,铁路公路
600611,铁路公路
900903,铁路公路
920640,通信
300913,通信
300563,通信
000586,通信
600105,通信
688143,通信
600487,通信
603042,通信
600522,通信
601869,通信
002491,通信
000070,通信
920188,其他橡胶制品
002224,其他橡胶制品
920665,其他橡胶制品
300587,其他橡胶制品
300767,其他橡胶制品
920834,其他橡胶制品
301459,其他橡胶制品
920694,其他橡胶制品
300731,其他橡胶制品
002381,其他橡胶制品
300320,其他橡胶制品
001325,其他橡胶制品
603033,其他橡胶制品
920225,其他橡胶制品
920098,其他橡胶制品
600515,航空机场
000089,航空机场
600897,航空机场
600009,航空机场
600004,航空机场
001203,冶钢原料
000655,冶钢原料
000923,冶钢原料
601121,冶钢原料
600382,冶钢原料
603650,橡胶
300121,橡胶
600755,原材料供应链服务
000626,原材料供应链服务
600753,原材料供应链服务
600153,原材料供应链服务
000906,原材料供应链服务
600603,原材料供应链服务
603329,原材料供应链服务
001202,原材料供应链服务
600704,原材料供应链服务
600057,原材料供应链服务
605050,原材料供应链服务
600180,原材料供应链服务
603466,其他数字媒体
301313,其他数字媒体
600119,物流
603836,物流
920351,物流
300013,物流
002352,物流
603967,物流
001220,物流
603128,物流
603648,物流
001391,物流
300350,物流
300240,物流
002120,物流
300873,物流
002889,物流
601598,物流
002769,物流
601156,物流
002468,物流
600233,物流
603535,物流
603117,物流
001228,物流
603871,物流
002605,传媒
002919,传媒
600228,传媒
300295,传媒
300459,传媒
300002,传媒
300315,传媒
002095,传媒
301299,传媒
002174,传媒
300299,传媒
300031,传媒
300987,传媒
002425,传媒
600715,传媒
300785,传媒
002517,传媒
603533,传媒
603888,传媒
300467,传媒
300494,传媒
300413,传媒
300043,传媒
002558,传媒
603444,传媒
002555,传媒
300113,传媒
600633,传媒
300418,传媒
603000,传媒
300364,传媒
603258,传媒
300533,传媒
600892,传媒
300052,传媒
002624,传媒
002602,传媒
001359,膜材料
600135,膜材料
001378,膜材料
301565,膜材料
688386,膜材料
000859,膜材料
601208,膜材料
300305,膜材料
688718,膜材料
300806,膜材料
605488,膜材料
301687,膜材料
002585,膜材料
002632,膜材料
002522,膜材料
000973,膜材料
000920,膜材料
301237,膜材料
002263,膜材料
688323,膜材料
600792,煤炭
000723,煤炭
600997,煤炭
601011,煤炭
600408,煤炭
601015,煤炭
600740,煤炭
003816,核力发电
601985,核力发电
000958,核力发电
300769,电力设备
300477,电力设备
600379,电力设备
605222,电力设备
002805,电力设备
603897,电力设备
603050,电力设备
600885,电力设备
300069,电力设备
002759,电力设备
603333,电力设备
920118,电力设备
301662,电力设备
601700,电力设备
300128,电力设备
605066,电力设备
600577,电力设备
688226,电力设备
601126,电力设备
603829,电力设备
301439,电力设备
688191,电力设备
688733,电力设备
300283,电力设备
002857,电力设备
002706,电力设备
002709,电力设备
300432,电力设备
688681,电力设备
002441,电力设备
002168,电力设备
002125,电力设备
002927,电力设备
001301,电力设备
301152,电力设备
001208,电力设备
002169,电力设备
300514,电力设备
301325,电力设备
301002,电力设备
002350,电力设备
603031,电力设备
603032,电力设备
301295,电力设备
301386,电力设备
002471,电力设备
002090,电力设备
688663,电力设备
002346,电力设备
688616,电力设备
300670,电力设备
920639,电力设备
688611,电力设备
300222,电力设备
688638,电力设备
603906,电力设备
300407,电力设备
300062,电力设备
300457,电力设备
920556,电力设备
001388,电力设备
601877,电力设备
300933,电力设备
300648,电力设备
002452,电力设备
600192,电力设备
002298,电力设备
300286,电力设备
920062,电力设备
920508,电力设备
301238,电力设备
002079,电力设备
600847,电力设备
300510,电力设备
300173,电力设备
300390,电力设备
301388,电力设备
688392,电力设备
300932,电力设备
002546,电力设备
688006,电力设备
300427,电力设备
300490,电力设备
920018,电力设备
002339,电力设备
920809,电力设备
301668,电力设备
002953,电力设备
600312,电力设备
920037,电力设备
300341,电力设备
002606,电力设备
603577,电力设备
000400,电力设备
688676,电力设备
001382,电力设备
688597,电力设备
300423,电力设备
300410,电力设备
301609,电力设备
002028,电力设备
601222,电力设备
688148,电力设备
000695,电力设备
300450,电力设备
601616,电力设备
301513,电力设备
301361,电力设备
301349,电力设备
002112,电力设备
920522,电力设备
300340,电力设备
600268,电力设备
002533,电力设备
688116,电力设备
920299,电力设备
600550,电力设备
002358,电力设备
601179,电力设备
300568,电力设备
603312,电力设备
605378,电力设备
002121,电力设备
688184,电力设备
002451,电力设备
605196,电力设备
300882,电力设备
600884,电力设备
301082,电力设备
000720,电力设备
002882,电力设备
600089,电力设备
600468,电力设备
300880,电力设备
300360,电力设备
300141,电力设备
603097,电力设备
002980,电力设备
301487,电力设备
002812,电力设备
688573,电力设备
301120,电力设备
300409,电力设备
920375,电力设备
603606,电力设备
603530,电力设备
300617,电力设备
600973,电力设备
600525,电力设备
300619,电力设备
000682,电力设备
300073,电力设备
600869,电力设备
688499,电力设备
300853,电力设备
600406,电力设备
301222,电力设备
300919,电力设备
300037,电力设备
301012,电力设备
603556,电力设备
300001,电力设备
601311,电力设备
920046,电力设备
688248,电力设备
300018,电力设备
603191,电力设备
603861,电力设备
002879,电力设备
002270,电力设备
688517,电力设备
601567,电力设备
688778,电力设备
002300,电力设备
002498,电力设备
002692,电力设备
920496,电力设备
603659,电力设备
603026,电力设备
920152,电力设备
920627,电力设备
688707,电力设备
002580,电力设备
920185,电力设备
000533,电力设备
002276,电力设备
301179,电力设备
603618,电力设备
688779,电力设备
300444,电力设备
920779,电力设备
300890,电力设备
301358,电力设备
920682,电力设备
301291,电力设备
688275,电力设备
300265,电力设备
920111,电力设备
002340,电力设备
002560,电力设备
300035,电力设备
301292,电力设备
002733,电力设备
603016,电力设备
603070,电力设备
688005,电力设备
600067,电力设备
688330,电力设备
688353,电力设备
688819,电力设备
300068,电力设备
688669,塑料
688219,塑料
002886,塑料
301131,塑料
920066,塑料
300644,塑料
301538,塑料
600143,塑料
300221,塑料
300478,塑料
920089,塑料
300538,塑料
300834,塑料
300995,塑料
688203,塑料
002838,塑料
002324,塑料
002768,塑料
300586,塑料
301003,塑料
920469,塑料
300716,塑料
603983,化妆品
300740,化妆品
600223,化妆品
301371,化妆品
603605,化妆品
300957,化妆品
603630,化妆品
600315,化妆品
000582,交通运输
002320,交通运输
001872,交通运输
600018,交通运输
000905,交通运输
201872,交通运输
600717,交通运输
603565,交通运输
600798,交通运输
001205,交通运输
000088,交通运输
601872,交通运输
601008,交通运输
600428,交通运输
002040,交通运输
600279,交通运输
601228,交通运输
600026,交通运输
603209,交通运输
601022,交通运输
000520,交通运输
600017,交通运输
601326,交通运输
920571,交通运输
900938,交通运输
600179,交通运输
601866,交通运输
601919,交通运输
601000,交通运输
601880,交通运输
601298,交通运输
601975,交通运输
603162,交通运输
601018,交通运输
600751,交通运输
603167,交通运输
601083,交通运输
301071,非金属材料Ⅲ
688300,非金属材料Ⅲ
920832,非金属材料Ⅲ
920675,非金属材料Ⅲ
001296,非金属材料Ⅲ
920971,非金属材料Ⅲ
605086,非金属材料Ⅲ
920175,非金属材料Ⅲ
603688,非金属材料Ⅲ
603826,非金属材料Ⅲ
603612,非金属材料Ⅲ
920719,非金属材料Ⅲ
002591,化学制品
002453,化学制品
001218,化学制品
301286,化学制品
605016,化学制品
920033,化学制品
002360,化学制品
301373,化学制品
600500,化学制品
920519,化学制品
300405,化学制品
605366,化学制品
688659,化学制品
002166,化学制品
688179,化学制品
301156,化学制品
300169,化学制品
603285,化学制品
002246,化学制品
300321,化学制品
002666,化学制品
300535,化学制品
603041,化学制品
002497,化学制品
603155,化学制品
300163,化学制品
920422,化学制品
688625,化学制品
002597,化学制品
920016,化学制品
603276,化学制品
603977,化学制品
301206,化学制品
000881,化学制品
688065,化学制品
301149,化学制品
002809,化学制品
603120,化学制品
920261,化学制品
301059,化学制品
603739,化学制品
300741,化学制品
301518,化学制品
002637,化学制品
688267,化学制品
688398,化学制品
603722,化学制品
002562,化学制品
003002,化学制品
603867,化学制品
603020,化学制品
300109,化学制品
300910,化学制品
301212,化学制品
002909,化学制品
688089,化学制品
688269,化学制品
301076,化学制品
605077,化学制品
603065,化学制品
002211,化学制品
603255,化学制品
300610,化学制品
688199,化学制品
002917,化学制品
002001,化学制品
605399,化学制品
300214,化学制品
301100,化学制品
300019,化学制品
603227,化学制品
002683,化学制品
920099,化学制品
603079,化学制品
688639,化学制品
001358,化学制品
600309,化学制品
300641,化学制品
920974,化学制品
600873,化学制品
300727,化学制品
603217,化学制品
002226,化学制品
603004,化学制品
002165,化学制品
002037,化学制品
603948,化学制品
300072,化学制品
300200,化学制品
002827,化学制品
300848,化学制品
300041,化学制品
300801,化学制品
603281,化学制品
300829,化学制品
688196,化学制品
002783,化学制品
300530,化学制品
603260,化学制品
688350,化学制品
002971,化学制品
300637,化学制品
603968,化学制品
603235,化学制品
301220,化学制品
603010,化学制品
600273,化学制品
300596,化学制品
600165,化学制品
300174,化学制品
300858,化学制品
301617,化学制品
002430,化学制品
688133,化学制品
603125,化学制品
002549,化学制品
920471,化学制品
920957,化学制品
002802,化学制品
300821,化学制品
002810,化学制品
688357,化学制品
603181,化学制品
603334,化学制品
002455,化学制品
920402,化学制品
600230,化学制品
603192,化学制品
603822,化学制品
920015,化学制品
002096,化学制品
600299,化学制品
600866,化学制品
301077,化学制品
300721,化学制品
000672,建筑材料
600586,建筑材料
600802,建筑材料
002613,建筑材料
600326,建筑材料
600449,建筑材料
600425,建筑材料
600293,建筑材料
900918,建筑材料
000789,建筑材料
600585,建筑材料
600819,建筑材料
000012,建筑材料
000877,建筑材料
603256,建筑材料
200012,建筑材料
601112,建筑材料
600668,建筑材料
601992,建筑材料
601636,建筑材料
002080,建筑材料
300196,建筑材料
600176,建筑材料
605006,建筑材料
002201,建筑材料
600801,建筑材料
600678,建筑材料
600876,建筑材料
002233,建筑材料
301526,建筑材料
000401,建筑材料
600714,基础化工
301118,基础化工
000691,基础化工
000510,基础化工
002648,基础化工
920489,基础化工
600367,基础化工
003017,基础化工
601678,基础化工
900906,基础化工
600618,基础化工
600319,基础化工
900908,基础化工
603395,基础化工
600423,基础化工
603213,基础化工
300387,基础化工
002538,基础化工
601065,基础化工
600610,基础化工
301190,基础化工
600075,基础化工
920159,基础化工
600727,基础化工
002092,基础化工
000545,基础化工
600935,基础化工
002539,基础化工
000792,基础化工
000818,基础化工
000731,基础化工
002748,基础化工
301256,基础化工
002999,基础化工
001217,基础化工
301069,基础化工
600929,基础化工
600691,基础化工
600784,基础化工
000707,基础化工
000422,基础化工
601216,基础化工
600331,基础化工
000635,基础化工
002469,基础化工
002601,基础化工
600078,基础化工
603299,基础化工
600096,基础化工
002136,基础化工
000683,基础化工
603067,基础化工
300927,基础化工
300505,基础化工
600426,基础化工
601568,基础化工
600409,基础化工
603663,基础化工
300891,基础化工
000408,基础化工
000893,基础化工
600955,基础化工
002170,基础化工
002312,基础化工
920304,基础化工
600470,基础化工
000822,基础化工
603077,基础化工
002545,基础化工
600141,基础化工
600227,基础化工
000902,基础化工
002145,基础化工
002588,基础化工
603938,基础化工
002470,基础化工
002386,基础化工
002895,基础化工
300082,基础化工
000912,基础化工
600328,基础化工
603113,基础化工
002109,基础化工
601187,城商行Ⅲ
601577,城商行Ⅲ
601838,城商行Ⅲ
002948,城商行Ⅲ
601009,城商行Ⅲ
601169,城商行Ⅲ
600926,城商行Ⅲ
601997,城商行Ⅲ
002966,城商行Ⅲ
600928,城商行Ⅲ
600919,城商行Ⅲ
001227,城商行Ⅲ
601963,城商行Ⅲ
002142,城商行Ⅲ
002936,城商行Ⅲ
601665,城商行Ⅲ
601229,城商行Ⅲ
600900,水力发电
600868,水力发电
600236,水力发电
600886,水力发电
600674,水力发电
600025,水力发电
000993,水力发电
002039,水力发电
000722,水力发电
000601,水力发电
301108,生活用纸
603238,生活用纸
605009,生活用纸
301009,生活用纸
300888,生活用纸
300658,生活用纸
001206,生活用纸
003006,生活用纸
002511,生活用纸
000833,综合Ⅱ
600673,综合Ⅱ
000753,综合Ⅱ
000025,综合Ⅱ
000523,综合Ⅱ
600051,综合Ⅱ
600689,综合Ⅱ
900922,综合Ⅱ
200025,综合Ⅱ
000652,综合Ⅱ
600682,综合Ⅱ
000421,综合Ⅱ
600805,综合Ⅱ
600881,综合Ⅱ
002758,综合Ⅱ
600770,综合Ⅱ
000632,综合Ⅱ
000009,综合Ⅱ
600620,综合Ⅱ
301160,特钢Ⅲ
300881,特钢Ⅲ
600117,特钢Ⅲ
002443,特钢Ⅲ
002075,特钢Ⅲ
002318,特钢Ⅲ
000825,特钢Ⅲ
603995,特钢Ⅲ
000708,特钢Ⅲ
600507,特钢Ⅲ
002478,特钢Ⅲ
600399,特钢Ⅲ
688186,特钢Ⅲ
920982,美容护理
600249,美容护理
603193,美容护理
000615,美容护理
300896,美容护理
603059,美容护理
001328,美容护理
688363,美容护理
601939,国有大型银行Ⅲ
601398,国有大型银行Ⅲ
601288,国有大型银行Ⅲ
601988,国有大型银行Ⅲ
601658,国有大型银行Ⅲ
601328,国有大型银行Ⅲ
603323,银行Ⅱ
601825,银行Ⅱ
601916,银行Ⅱ
601998,银行Ⅱ
000001,银行Ⅱ
601860,银行Ⅱ
600908,银行Ⅱ
600036,银行Ⅱ
601128,银行Ⅱ
601077,银行Ⅱ
002958,银行Ⅱ
600016,银行Ⅱ
002807,银行Ⅱ
600000,银行Ⅱ
601818,银行Ⅱ
601166,银行Ⅱ
002839,银行Ⅱ
601528,银行Ⅱ
600015,银行Ⅱ
900913,燃气Ⅱ
001331,燃气Ⅱ
600617,燃气Ⅱ
920014,燃气Ⅱ
603706,燃气Ⅱ
603689,燃气Ⅱ
920010,燃气Ⅱ
002911,燃气Ⅱ
603080,燃气Ⅱ
002700,燃气Ⅱ
000407,燃气Ⅱ
605368,燃气Ⅱ
603053,燃气Ⅱ
002259,燃气Ⅱ
600917,燃气Ⅱ
600903,燃气Ⅱ
600681,燃气Ⅱ
300483,燃气Ⅱ
605169,燃气Ⅱ
600333,燃气Ⅱ
002267,燃气Ⅱ
300332,燃气Ⅱ
300435,燃气Ⅱ
601139,燃气Ⅱ
603318,燃气Ⅱ
000669,燃气Ⅱ
605090,燃气Ⅱ
600635,燃气Ⅱ
001299,燃气Ⅱ
000593,燃气Ⅱ
600803,燃气Ⅱ
603393,燃气Ⅱ
000803,电能综合服务
600483,电能综合服务
600505,电能综合服务
000883,电能综合服务
600116,电能综合服务
600969,电能综合服务
000875,电能综合服务
600101,电能综合服务
600995,电能综合服务
600644,电能综合服务
600452,电能综合服务
600310,电能综合服务
002060,电能综合服务
600979,电能综合服务
300040,电能综合服务
003035,电能综合服务
600581,钢铁
000717,钢铁
601686,钢铁
600282,钢铁
601005,钢铁
600808,钢铁
600307,钢铁
600022,钢铁
000898,钢铁
603878,钢铁
002110,钢铁
000778,钢铁
600010,钢铁
600782,钢铁
600019,钢铁
000761,钢铁
000959,钢铁
600231,钢铁
200761,钢铁
600126,钢铁
600569,钢铁
000709,钢铁
000932,钢铁
601003,钢铁
001289,公用事业
300125,公用事业
600509,公用事业
002617,公用事业
002256,公用事业
002480,公用事业
600163,公用事业
000543,公用事业
600905,公用事业
001286,公用事业
600023,公用事业
000507,公用事业
600011,公用事业
600642,公用事业
600027,公用事业
000595,公用事业
002053,公用事业
200037,公用事业
600578,公用事业
600021,公用事业
600863,公用事业
000037,公用事业
600157,公用事业
000690,公用事业
600780,公用事业
601908,公用事业
001258,公用事业
000027,公用事业
600098,公用事业
002608,公用事业
200539,公用事业
600930,公用事业
000966,公用事业
601619,公用事业
600795,公用事业
600956,公用事业
603105,公用事业
603693,公用事业
000600,公用事业
002218,公用事业
600575,公用事业
300317,公用事业
000591,公用事业
601991,公用事业
000862,公用事业
000531,公用事业
900937,公用事业
000537,公用事业
000899,公用事业
000767,公用事业
000791,公用事业
002310,公用事业
600744,公用事业
600032,公用事业
600396,公用事业
601016,公用事业
601778,公用事业
000539,公用事业
600726,公用事业
000155,公用事业
001896,公用事业
600821,公用事业
